entity_id	business_name	business_address	country	match_category	strata
S1-977822250	Pethe Technologies Private Limited	C/O Anupam Roy Vill Paruldaha Po-Brindakhali, Ps- Baruipur, Baruipur, South 24 Parganas, West Bengal	India	multi_4_plus	India__multi_4_plus
S1-528810007	Arjun Agro Pvt. Ltd.	2Nd Floor, Off. No. 202, D Wing, Kamala Mills Compound, Senapati Bapat Marg, Lower Par, El (West), Mumbai, Mumbai City, Maharashtra	India	multi_4_plus	India__multi_4_plus
S1-439249992	Apta Holdings Corp	14, Dr A Khedkar Chs, Ghatkoper (East), Mumbai, Maharashtra	India	multi_4_plus	India__multi_4_plus
S1-602157937	Rebecca K. Leveille, L.C.S.W.	250 Pine Grove Road, Unit Unit 30, Richland, NY	US	singleton_0	US__singleton_0
S1-17666546	Pacific Learning Laboratories LLC	4810 Nassau Avenue, Sand Springs, OK	US	multi_2_3	US__multi_2_3
S1-699280775	Traders Trading Private Limited	E-6, 1;2 Sector- 7, Sanpada, Navi Mumbai, Thane, Maharashtra	India	multi_2_3	India__multi_2_3
S1-885918752	Kestari Transportation Inc	167 Merrill Road, Corinna, ME	US	multi_2_3	US__multi_2_3
S1-904589525	Prado Guardian	OH, 7445 Angel Ridge Road, Athens	US	multi_4_plus	US__multi_4_plus
S1-269512174	Future Construction Private Limited	F-5, Rail Nagar, Near Alkanagar, Alembic Road, Vadodara, Gujarat	India	multi_4_plus	India__multi_4_plus
S1-644751653	Green Environmental Collective LLC	106 Glenn Avenue, Saint Clairsville, OH	US	multi_4_plus	US__multi_4_plus
S1-55466226	Dmg Cards Private Limited	#883, 1St Floor, Dr. Modi Road, 9Th Crs, West Of Chord Road, 2Nd Stage, Bangalore North, Bangalore, Karnataka	India	multi_4_plus	India__multi_4_plus
S1-349913416	1356 Madison Blvd Management Apple Valley	13580 Hemlock Court, Apple Valley, MN	US	single_1	US__single_1
S1-467494550	Super Gold Builders Private Limited	C/O Md. Abdul Kadir Ansari S/O Shakin Ansari, 224 Near Pawan Petrol, Mg Setu Road, Po : B, Ari Pahari, Patna, Bihar	India	multi_2_3	India__multi_2_3
S1-501560459	Pgl Expo	C/124/446, Jatepur Uttari, Mansa Bagh Near Psn Public School, Gorakhpur, Uttar Pradesh	India	multi_4_plus	India__multi_4_plus
S1-425740060	TQ Hospitality Pvt Ltd	Uttar Pradesh, Lucknow, 352/116-G, Talkatora Raod P.O. Rajaji Puram	India	multi_4_plus	India__multi_4_plus
S1-7383499	Ledger Stitch Private Limited	Goldseal House, Village Road Bhandup, Mumbai, Maharashtra	India	multi_2_3	India__multi_2_3
S1-559873839	Om Healthcare Pvt Ltd	Indore, Madhya Pradesh, P.No.B-5, Pu-4, Scheme No. 54, Indore, F.No. 503-A Shekhar Planet Block-A	India	multi_4_plus	India__multi_4_plus
S1-810366676	Romero Tactical LLC	334 Paradise Lane, Sturbridge, MA	US	multi_4_plus	US__multi_4_plus
S1-315009697	Himadri Consultancy LLP	Maharashtra, Chawl Pandurangwadi, Amirunnissa Manzil, Goregaon East, Mumbai	India	multi_4_plus	India__multi_4_plus
S1-61241948	Schultz Charter	Butte-silver Bow, 389 Blacktail Canyon Road, MT	US	multi_2_3	US__multi_2_3
S1-151030770	Indo Business Private Limited	181/39 R H B, Pratap Nagar, Jaipur, Rajasthan	India	multi_2_3	India__multi_2_3
S1-48753422	Arts Foundation	Austin, TX, 1906 Willow Creek Drive	US	multi_2_3	US__multi_2_3
S1-353201196	Battista & Hernandez Inc	Seymour, 921 Smoky Crossing Way, TN	US	multi_4_plus	US__multi_4_plus
S1-667605690	Rodriguez, Miska & Johnson Inc	CT, 591 Riversville Road, Greenwich	US	multi_2_3	US__multi_2_3
S1-48372319	N+ Diana	Unit 2, DC, Washington, 1835 16th Street	US	multi_4_plus	US__multi_4_plus
S1-861085242	Leonard & Pope Inc.	80 Webster Avenue, Unit 4K, Somerville, MA	US	multi_2_3	US__multi_2_3
S1-660246675	Moore Mid Inc	OH, 13295 Summerfield Way, Pickerington	US	multi_2_3	US__multi_2_3
S1-934922354	Community Society	8211 Eastwood Drive, Lincoln, NE	US	singleton_0	US__singleton_0
S1-346712475	Maharashtra Energy Pvt Ltd	Arazi No. 245/2A-1-K, Jscomplex Tahsil Bhojubir, Varanasi, Uttar Pradesh	India	multi_4_plus	India__multi_4_plus
S1-348817052	Forge LLC	1280 Mohave Drive, Unit 24a, Bullhead City, AZ	US	multi_4_plus	US__multi_4_plus
S1-160753225	24 Hour Homecare LLC	3400 Kendal Crossing Terrace, Chesterfield County, VA	US	multi_4_plus	US__multi_4_plus
S1-883039779	Johnson & Rodriguez Renaissancere LLC	24245 Slate Road, Elkmont, AL	US	multi_4_plus	US__multi_4_plus
S1-743561992	Royal Investment Private Limited	Sr. No.61/1/3 61/1B, Office No.04, Global Highstreet, Kharadi, Pune, Maharashtra	India	multi_2_3	India__multi_2_3
S1-853104772	Anchor Iheartmedia, LLC	31 Mount Vernon Street, Unit 1, Boston, MA	US	multi_4_plus	US__multi_4_plus
S1-837160933	Commission on Buildings	Chesterfield, MO, 15214 Strollways Drive	US	multi_4_plus	US__multi_4_plus
S1-112861015	Ridge Institute of Technology Inc	906 Mcmullen Road, Bartonville, IL	US	multi_4_plus	US__multi_4_plus
S1-15044991	Poonamallee Centreprivate Company	Poonamallee, Tiruvallur, Eswaran Kovil, Street, Annaikattucheri, Tamil Nadu, No.93	India	multi_2_3	India__multi_2_3
S1-285842810	Womens Health Specialists	172-19 129 Avenue, Jamaica, NY	US	multi_2_3	US__multi_2_3
S1-287381087	Super Technology Pvt Ltd	10174/1A Gurdwara Road, Karolbagh, New Delhi, Delhi	India	multi_4_plus	India__multi_4_plus
S1-446787657	Mobley, Haislip & Barr Vision Center, LLC	Burnsville, WV, 1818 Main Street	US	multi_2_3	US__multi_2_3
S1-339554923	Big Massage	Laredo, TX, 703 Laurel Drive	US	singleton_0	US__singleton_0
S1-274646138	Innovative Foods Limited	Vill-Nawa Nagar Post-Nawa Nagar, Ballia, Uttar Pradesh	India	multi_4_plus	India__multi_4_plus
S1-353289182	Electricians Local 976	510 Elm Way, Fl 1, Eagle Point, OR	US	multi_4_plus	US__multi_4_plus
S1-941680422	Powers, Ward & Hawthorn	1 Cliffrose Trail, Los Lunas, NM	US	single_1	US__single_1
S1-179731335	Viraat (India) Funds Public Limited	Iind Floor, Bethania Nagar, Main Road Valasaravakkam, Chennai, Tamil Nadu, Chennai, No:28	India	multi_2_3	India__multi_2_3
S1-463135997	Mcguire, Pinto and Loehr	515 South Street, Incorporated, ID	US	single_1	US__single_1
S1-534948348	Amezquita Therapy LLC	318 College Avenue, Bluefield, WV	US	multi_2_3	US__multi_2_3
S1-227546659	K & B Audio Installation	14 Arlington Avenue, Saint Paul, MN	US	multi_4_plus	US__multi_4_plus
S1-402366232	Ns (India) Farm Private Limited	E108 Second Floor Greater Kailash 1 New Delhi, New Delhi, South Delhi, Delhi	India	multi_4_plus	India__multi_4_plus
S1-444761187	Megen Griggs, Esq., DDS PC LP	16450 Parklawn Avenue, Middleburg Heights, OH	US	multi_2_3	US__multi_2_3
S1-829169266	Arihant Hospitality Private Limited	Bunglow No-9, Soham Sanidhya Nr. Raghav Complex, S.P. Ring Road, Ram, Ol, Ahmedabad, Gujarat	India	multi_4_plus	India__multi_4_plus
S1-84421663	Mumbai Hospital Private Limited	4, Hira Bldg, Champshi Bhimji Road Mazgaon, Mumbai, Mumbai City, Maharashtra	India	multi_4_plus	India__multi_4_plus
S1-332396561	Rama Labour Private Limited	47/1A, S.N. Roy Road, 3Rd Floor, Flat No.8, Kolkata, Kolkata, Howrah, West Bengal	India	single_1	India__single_1
S1-995608124	Shakti Investment Private Limited	5Th Floor Indrayani Galleria Building Near Karve Statue, Karve Road, Pune, Maharashtra	India	multi_4_plus	India__multi_4_plus
S1-405516631	Pineda Starry	7069 Post Coach Drive, Ofallon, MO	US	multi_4_plus	US__multi_4_plus
S1-376656562	Vijay Care Private Limited	1497/16, Eacharath H Mannuthy P.O., Thrissur, Kerala	India	multi_4_plus	India__multi_4_plus
S1-242059179	Royal Energy Private Limited	# 461A, Devarahalli Post, Opp. To Old High School Street, Channagi, Ri Taluk, Davangere, Davanagere, Karnataka	India	multi_2_3	India__multi_2_3
S1-454650968	Children's Coalition	ND, Minot, 3 Fair Way	US	multi_2_3	US__multi_2_3
S1-220072593	Vijay Hospitality Private Limited	C/O Anuj Kishor Chaubey, Vill-Behea(Np), Tola-Judge Bazar Main Road, Panch-Behea, Bhojpur, Bihar	India	multi_4_plus	India__multi_4_plus
S1-408617772	Real Consultancy Private Limited	Jalgaon, Jain Fieldsnh No 6 Bambhori, Maharashtra	India	multi_4_plus	India__multi_4_plus
S1-789318478	Perfect Universal Agro Pvt Ltd	L3 Lexus Regency Apartments, 1168-A Avinashi Road P.N. Palayam, Coimbatore South, Coimbatore, Tamil Nadu	India	multi_2_3	India__multi_2_3
S1-583376468	Dermatology Center LLC	Fl First Floor, PA, 40 Blake Avenue, Rockledge Borough	US	multi_4_plus	US__multi_4_plus
S1-52007140	Coastal America LLC	Fort Wayne, IN, 4038 Lafayette Street	US	multi_4_plus	US__multi_4_plus
S1-860425532	Rosemarie Ryan, D.D.S.	708 Windy Way, Unit 310, Newport News City, VA	US	multi_4_plus	US__multi_4_plus
S1-136775058	Leonard Institute of Technology	Phoenix, 6975 Princess Drive, AZ, Unit 3095	US	multi_2_3	US__multi_2_3
S1-119783341	Sun Consulting Limited	Ix/6372, Ground Floor, Netaji Gali, Gandhi Nagar, East Delhi, Delhi	India	multi_2_3	India__multi_2_3
S1-278136697	Composites Perfumes (India) Ltd	G-123, G/F, Harkesh Nagar, New Delhi, South Delhi, Delhi	India	multi_2_3	India__multi_2_3
S1-567305891	Jones All Bioscience LLC	11914 Brenton Knoll Court, TX, Tomball	US	multi_2_3	US__multi_2_3
S1-678250778	Ace Fish Co	501, Maharashtra, Mumbai City, Mumbai, Jyoti Estate, S N Road, Anand Nagar Andheri E	India	multi_4_plus	India__multi_4_plus
S1-91973856	Nextzen Services Ltd	Varanasi, Shop No 3, Uttar Pradesh, 1St Floor, Excel Tower, Varunapool, Varanasi	India	multi_2_3	India__multi_2_3
S1-243931582	Patriot Signature Orion	2239 Antioch Road, Morganton, NC	US	multi_2_3	US__multi_2_3
S1-972502908	Environment & Sons Private Limited	Plot No.257, Door No.7B, First Floor, 22Nd Street, Krishna Nagar, Maduravoyal, Chennai, Tamil Nadu	India	multi_4_plus	India__multi_4_plus
S1-546279714	Fourth Ld Pvt. Ltd.	14- Parshwanath Homes, Adalaj, Ta. & Dist. Gandhinagar, Adalaj, Gandhinagar, Gandhi Nagar, Gujarat	India	singleton_0	India__singleton_0
S1-68201540	Marketing Balaji Label Limited	Kerala, 4Th Floor, Thiruvananthapuram, Capital Tower, Statue, Thiruvananthapuram, Trivandrum	India	multi_2_3	India__multi_2_3
S1-28622004	1954 Sixth Way Company	Unit C-24, 6909 Engle Road, Middleburg Heights, OH	US	multi_2_3	US__multi_2_3
S1-80185149	Weirton Insurance PLLC	209 11th Street, Weirton, WV	US	multi_4_plus	US__multi_4_plus
S1-128303392	Stanton Genetics LLC	7542 Garden Lane, Justice, IL	US	multi_2_3	US__multi_2_3
S1-162454705	Falcon Development LLC	455 Addison Square, Kalispell, MT	US	multi_2_3	US__multi_2_3
S1-558534519	Kosha Polytechnic	Vadasserikkara, Pathanamthitta, 8/1-B, Kerala, Kallothu River View Vadasserikkara	India	multi_4_plus	India__multi_4_plus
S1-92922537	Cedar Inc	3111 Paw Paw Crossing, New Bern, NC	US	multi_2_3	US__multi_2_3
S1-77567238	Foods Stanza Centre Private Limited	346/B, Maharashtra, Shaikhmirwadi, Taluke Khandala Shaikhmirwadi, Pune, Satara	India	multi_4_plus	India__multi_4_plus
S1-993793143	Secure Freight Partners PLLC	25041 20th Avenue, WA, Des Moines	US	multi_4_plus	US__multi_4_plus
S1-107177709	Select Northland PC	629 13th Street, Moore, OK	US	multi_2_3	US__multi_2_3
S1-771946112	Rivera, Campbell and Edwards	3209 Rosewedge Way, Louisville, KY	US	multi_4_plus	US__multi_4_plus
S1-942104958	Force Wealthtech Private Limited	Pune, 148, Maharashtra, Pune, Ganesh Nagar Colony No. 12 Pune	India	multi_4_plus	India__multi_4_plus
S1-154324355	Patton Realtech Private Limited	Dup-201, Plot No-45, Sect-6, New Satyam Co-Op Socy. Kopar Khairne, Navi, Mumbai, Thane, Maharashtra	India	multi_2_3	India__multi_2_3
S1-574037691	Optia Meshflow Inc	3346 Co Rd 18, OH, South Point	US	multi_2_3	US__multi_2_3
S1-94572337	Granite P.C.	539 Summer Street, Weymouth, MA	US	multi_4_plus	US__multi_4_plus
S1-270053163	Innovative Enterprises	302, Ild Trade Centre, Sec-47, Sohna Road, Gurgaon, Haryana	India	multi_2_3	India__multi_2_3
S1-320266633	City Urban Consulting Private Limited	Smt. Saroj Sinha, Nala Road, Machuatoli, Sampatchak, Patna, Bihar	India	multi_2_3	India__multi_2_3
S1-472663407	Divij Nirman	4/4, Surya Path, Near Urmila Park, Jaipur, Rajasthan	India	multi_2_3	India__multi_2_3
S1-730079802	Medicine LLC	3525 P Loop, Washougal, WA	US	multi_4_plus	US__multi_4_plus
S1-78474751	Collins Pacific Kensington Associates	50 Webster Road, Parma, NY	US	multi_2_3	US__multi_2_3
S1-234728820	Suvan Vidyalaya	Gujarat, Kalol, Shop No -323, Gandhi Nagar, Second Floor, Riddhi Siddhi Avenue Vill	India	multi_2_3	India__multi_2_3
S1-70279076	Norton and Spinelli	131 Steuben Street, Painted Post, NY	US	singleton_0	US__singleton_0
S1-602251580	Sirohi Fish Corp	Rajasthan, Sirohi, Plot No.13/A, Khasara No.556 Adarsh Colony, Village Mordu	India	multi_4_plus	India__multi_4_plus
S1-349451746	Clark Acp LLC	TX, 475 Mcada Drive, Midlothian	US	multi_4_plus	US__multi_4_plus
S1-174806508	St. Ministries Inc	827 Lafayette Avenue, Kansas City, KS	US	single_1	US__single_1
S1-897328727	Gerda Partida Grifols	779 Oak Glen Circle, Fall Branch, TN	US	multi_2_3	US__multi_2_3
S1-116643047	Global Automobiles Private Limited	Awfis 3Rd And 4Th Floor, S.No.52, Baner Business Bay, Baner Sus Road, Off Mumbai Bangalore Highway, Baner, Pune, Pune City, Pune, Maharashtra	India	multi_4_plus	India__multi_4_plus
S1-159303490	Finance Sasa Farmer Private Limited	Room No.Mp7/56, Kuzhiyengal Valayamkandathil House Vilayil Po, Via Kuzhimanna, Malappuram, Malappuram, Malapuram, Kerala	India	multi_2_3	India__multi_2_3
S1-578797988	Nyssa Padilla Best Arts, LLC	5100 26th Avenue, Rockford, IL	US	multi_2_3	US__multi_2_3
S1-192373073	Jainex Techno Limited	H No.8-3-165/1/B/8, Flat No.202, 2Nd Floor, Erragadda, Hyderabad, Telangana	India	multi_4_plus	India__multi_4_plus
S1-16561892	Cooperative Agricultural Alliance, Inc	7700 Mathews Bay Road, Bath, IL	US	multi_4_plus	US__multi_4_plus
S1-239407314	Solutions Global Private Limited	Delhi, East Delhi, Vikas Deep Building, District Centre, Laxmi Nagar, 404, New Delhi	India	multi_2_3	India__multi_2_3
S1-971810898	Marcial and Torres Boa LLC	DC, Washington, 3342 Tennyson Street	US	multi_4_plus	US__multi_4_plus
S1-634152028	Interfaith League	MA, Cambridge, Unit 8, 35 Harvey Street	US	multi_4_plus	US__multi_4_plus
S1-558232381	Ziraksh School Private Limited	Plot No. 3, Khasra No.332, Near R K Marble, Kishangarh, Ajmer, Rajasthan	India	multi_4_plus	India__multi_4_plus
S1-161638253	Sant Traders Private Limited	Flat No. 105, 4855 / 24, Ansari Road Darya Ganj, New Delhi, Delhi	India	multi_4_plus	India__multi_4_plus
S1-674729074	Rogers School of Medicine	708 Sycamore Street, Weldon, NC	US	multi_2_3	US__multi_2_3
S1-916781756	Maddox & Edwards Pennantpark LLC	1300 900, Salt Lake City, UT	US	multi_4_plus	US__multi_4_plus
S1-686001630	Zephelle Triumph LLC	433 118 Street, NY, New York	US	multi_2_3	US__multi_2_3
S1-251311978	Banks and Ratcliff Bread LLC	1504 2nd Avenue, Eugene, OR	US	multi_2_3	US__multi_2_3
S1-460198330	Aurent Consolidated	305 Ave F, Conroe, TX	US	multi_2_3	US__multi_2_3
S1-567993514	Crystal Regional Adr LLC	101 Copeland Drive, Triana, AL	US	multi_2_3	US__multi_2_3
S1-916143609	Bloomington Mckinley Inc	510 Washington Street, Unit 108, Bloomington, IL	US	multi_4_plus	US__multi_4_plus
S1-804510223	UJ Coastal Wen LLC	273 Chancellor Lane, Camden Wyoming, DE	US	multi_4_plus	US__multi_4_plus
S1-445066177	Jay Infrastructure Limited	75/11-4, Vijaya Durga, Officers Colony, Cuddapah, Andhra Pradesh	India	multi_2_3	India__multi_2_3
S1-16150496	Cardiology Capital Specialists LLC	80 Woodbine Street, Waterbury, CT	US	multi_2_3	US__multi_2_3
S1-64840372	First Marketing Private Limited	Maharashtra, Mumbai, Flat 6, Floor No. 0, Wing A-35, Shimpla, Vighnaharta Chsl, Juhu Versova Link Road, Andheri (W), Plot 35 A, Mumbai	India	multi_2_3	India__multi_2_3
S1-101715485	Ahmedabad Instruments Private Limited	City Mill Compound Kankariaroad, Ahmedabad, Gujarat	India	multi_4_plus	India__multi_4_plus
S1-32515842	First Hawk	5600 Patriot Avenue, Orient, OH	US	multi_2_3	US__multi_2_3
S1-609962053	68 Madison Plaza Company	1103 Maple Village Court, Unit 1103, Pell City, AL	US	multi_2_3	US__multi_2_3
S1-655950787	Filter & Co	Tamil Nadu, Lady Doak College Road, Madurai, No.14	India	multi_2_3	India__multi_2_3
S1-836139400	UHV Star Pvt Ltd	Hig 41 80 Feet Road Anna Nagar, Madurai, Tamil Nadu	India	multi_4_plus	India__multi_4_plus
S1-26384149	Hyderabad Flexipack Pvt. Ltd.	92/3, Begihalli, Bannerghatta To Jigani Road, Bangalore South, Bangalore, Karnataka	India	multi_2_3	India__multi_2_3
S1-375235689	Pediatric Mountain Center Inc	4502 Donatello Square, Owings Mills, MD	US	multi_4_plus	US__multi_4_plus
S1-392124527	Mathura Services Center	486 Baikunth Vihar Colony, Salempur, Mathura, Uttar Pradesh	India	multi_4_plus	India__multi_4_plus
S1-4754203	American Sunshine LLC	1716 Central Avenue, Wenatchee, WA	US	multi_2_3	US__multi_2_3
S1-170998977	Bridges and Baker	Ofallon, 2404 Meadow Pointe Drive, MO	US	multi_4_plus	US__multi_4_plus
S1-397295565	Cochin Farmhouse Private Limited	W-3-610, 8Th Street, Nethaji Nagar, Nellore, Andhra Pradesh	India	multi_4_plus	India__multi_4_plus
S1-563933566	Fox Ace Hologram L.L.C.	19007 143rd Avenue, Sun City West, AZ	US	multi_2_3	US__multi_2_3
S1-864793404	Todd Metlife L.L.C.	4492 Westside Drive, Dubuque, IA	US	multi_4_plus	US__multi_4_plus
S1-850925384	The Dent Pilates	151-36 23 Avenue, Whitestone, NY	US	multi_4_plus	US__multi_4_plus
S1-226204700	Blue Agro Private Limited	Miraya Rose By Ukn, 66/1 Siddapura Village, Hal-Varthur Main Road, Whitefield, Bangalore, Karnataka	India	multi_2_3	India__multi_2_3
S1-418700512	All Transit Innovations Inc	1208 Mt Massive Drive, Leadville North, CO	US	multi_2_3	US__multi_2_3
S1-873914076	Fluent Brothers	Mr-1, Altf Mohan Cooperative - Plot No A 26, Block B, Mohan Cooperative Industrial Estate, Saidabad, New Delhi, New Delhi, South Delhi, Delhi	India	multi_2_3	India__multi_2_3
S1-891676178	Thinking Industrial Private Limited	# 5, B2/1, First Floor B.J Towers, Huskur Gate, Electronic City, Bangalore, Karnataka	India	multi_2_3	India__multi_2_3
S1-295075765	Sutton Corporation	311 24th Avenue, Bellwood, IL	US	multi_4_plus	US__multi_4_plus
S1-233040222	Crystal Navios LLC	14107 James Dean Drive, Carmel, IN	US	single_1	US__single_1
S1-562962376	Gentech Trading Partners	C/O Shobha Devi, Bhawani, Pur Jirat, Shastri Nagar, Motihari, East Champaran, Bihar	India	multi_2_3	India__multi_2_3
S1-841695792	Maiorano Platinum Newhold	14207 Delamere Drive, Chesterfield County, VA	US	multi_2_3	US__multi_2_3
S1-596393231	Sweigart & Cohn, LLC	950 Truck Plaza Lane, Calvert City, KY	US	multi_4_plus	US__multi_4_plus
S1-554902174	Arabela's Properties Inc.	4216 29, Crossville, AL	US	single_1	US__single_1
S1-434235767	Hanson & Mcclure Iheartmedia, LLC	1413 Franklin Drive, VA, Virginia Beach City	US	multi_4_plus	US__multi_4_plus
S1-206882806	Ram Professional Private Limited	India Machinery Campus, Holding No 807 Ab/1 Circle No 50B, Ward No 55, Patna, Bihar	India	multi_4_plus	India__multi_4_plus
S1-922162402	Arihant Big Trading Private Limited	House No Bt-3/200 Ph 1, Mangolpuri Industrial Area, Delhi, North West Delhi, Delhi	India	multi_4_plus	India__multi_4_plus
S1-279839640	Mds Infotech Limited	8/532, Office No.002, Ulliyeri, Quilandi, Quilandy, Kozhikode, Kerala	India	single_1	India__single_1
S1-189698956	Division of Public Works	629 -201 Lake Front Place, Virginia Beach City, VA	US	multi_2_3	US__multi_2_3
S1-441949184	Vaibhav Computer	Unit 1407, B Wing, 14Th Floor, Parinee Crescenzo, Bandra Kurla Complex, Bandra East, Mumbai, Mumbai City, Maharashtra	India	multi_4_plus	India__multi_4_plus
S1-726417859	Fab Consultants	Plot No 433 Saheb Layout Shivanagar North, Bidar, Karnataka	India	multi_2_3	India__multi_2_3
S1-92768400	Weiss Transport Inc.	15208 178th Avenue, Gig Harbor, WA	US	singleton_0	US__singleton_0
S1-602222708	Edson, Pulliam & Nicholson Hotels Inc.	34 Louis Drive, East Greenbush, NY	US	multi_4_plus	US__multi_4_plus
S1-580419296	Mcevoy, Benson and Mooney	12133 Y Plaza, Omaha, NE	US	single_1	US__single_1
S1-287640146	Jha Fasteners Private Limited	Opp. Lokesh Cinema Theatre, Ifloor Lingarajnapuram, Bangalore., Bangalore, Karnataka	India	multi_4_plus	India__multi_4_plus
S1-172903559	Hitech Builders Private Limited	Banglo No.-2, 1St Floor, Main Patel Road, Weast Patel Nagar, New Delhi, Delhi	India	multi_2_3	India__multi_2_3
S1-53966414	Summit Empire Biracilik LLC	26 Old Post Road, York, ME	US	multi_4_plus	US__multi_4_plus
S1-947119891	Prairie Initiative	15 Bellview Avenue, Brookhaven, NY	US	multi_4_plus	US__multi_4_plus
S1-198026451	Shivam Producer Private Limited	Karnal, Shop No. 34 Sbs Market, Haryana, Karnal	India	multi_4_plus	India__multi_4_plus
S1-417572419	Jain Logistics Pvt Ltd	2337, Shirur, Opp S. T. Stand, Shirur, Maharashtra, Pune	India	multi_4_plus	India__multi_4_plus
S1-85210897	Life & Brothers Limited	C/O Santam Singh D Arora Cross Collage Road Opp Jakattithal Road, Valsad, Gujarat	India	multi_2_3	India__multi_2_3
S1-511662098	Bharat Super Business Private Limited	48 Swinhoe Lane 3Rd Floor Flat No. 3A, Kolkata, Howrah, West Bengal	India	multi_2_3	India__multi_2_3
S1-120742234	Diamond Coastal Micro	5270 B Diamond Drive, Oak Forest, IL	US	multi_4_plus	US__multi_4_plus
S1-78166516	Faque Capital Partners	275 Midway Oval, Groton, CT	US	multi_2_3	US__multi_2_3
S1-96260307	Brooklyn Family Partners Inc	Brooklyn, NY, 2071 15 Street	US	multi_2_3	US__multi_2_3
S1-86392484	Gabie's National Chemical	Durham, 18 Hi-lo Road, CT	US	multi_4_plus	US__multi_4_plus
S1-677978164	Prior, Vanhouten and Alexander	572 Golden Eagle Ferry Road, Golden Eagle, IL	US	multi_2_3	US__multi_2_3
S1-619239650	Suryalok Academy Private Limited	Bihar, Gullobara, Darbhanga, Darbhangastate-Bihar	India	multi_2_3	India__multi_2_3
S1-20679780	Red Power LLP	No.47, 86Th Street, Kanniappa Nagar Ashok Nagar, Chennai, Tamil Nadu	India	multi_2_3	India__multi_2_3
S1-447093055	Rodriguez, Arias & Fountain Clinic	300 Campbell Street, Gore, OK	US	multi_2_3	US__multi_2_3
S1-434711227	Hunger Charities	718 Brandywine Avenue, Schenectady, NY	US	multi_4_plus	US__multi_4_plus
S1-576703138	Fields Star Orion	4630 Park Drive, Houston, TX	US	single_1	US__single_1
S1-625630736	Touchwood Common Limited	B2/103, Paras Hermitage, Hoshangabad Road, Bhopal, Madhya Pradesh	India	multi_2_3	India__multi_2_3
S1-152006545	Rogers, Childree & Hsu Life	Lake Oswego, Unit #12, 4550 Carman Drive, OR	US	singleton_0	US__singleton_0
S1-396668548	The Dent Pub Inc	3029 Patchwork Drive, Monrovia, IN	US	multi_2_3	US__multi_2_3
S1-731847757	Apex Finance LLC	725 Yavapai Hills Drive, Prescott, AZ	US	multi_4_plus	US__multi_4_plus
S1-468494550	Lay, Halverson and Reinhart Transportation	6031 Bacarra Lane, Unit 204, Raleigh, NC	US	multi_2_3	US__multi_2_3
S1-87953140	H & H Fifth Inc	2207 Heartland View Circle, Unit 2207, Wentzville, MO	US	multi_2_3	US__multi_2_3
S1-82147640	Indic College	D-13/2 Model Town, New Delhi, Delhi	India	multi_2_3	India__multi_2_3
S1-885806956	Newedge Foundation	#447/13/1, Ii Floor, Vi Cross, Gokula I Phase, I Main Road, Yeshwanthpur, Bangalore, Karnataka	India	multi_4_plus	India__multi_4_plus
S1-452190618	Quantelle Wilco	905 Clark Street, Unit C, Marion, IL	US	multi_2_3	US__multi_2_3
S1-610149670	QFM Med Private Limited	K-12, Shop-20, Second Floor Arcade, Malviya Marg, C-Scheme, Jaipur, Rajasthan	India	multi_4_plus	India__multi_4_plus
S1-63011872	Etah (india) Ltd	C/O Ashad Miya Holi Darwaza, Etah, Uttar Pradesh	India	multi_4_plus	India__multi_4_plus
S1-448605446	Future Power Private Limited	J 442, Veena Saraswati Complex, Vasant Nagari Near Agarwal Nagari, Gokhware, Vasai (E), Thane, Maharashtra	India	multi_4_plus	India__multi_4_plus
S1-556206269	Astral Welfare Society	Delhi, F-312, Plot No.13, 2Nd Floor, Abul Fazal Enclave-Ii Shaheen Bagh, Jamia Nagar, Okhla, New Delhi, South Delhi	India	multi_4_plus	India__multi_4_plus
S1-55790876	Darcy Hyperliquid Inc	62 Fountain Lane, Avondale, WV	US	multi_2_3	US__multi_2_3
S1-789717391	Smart Construction Private Limited	Scf No.10, 2Nd Floor, Phase-Xi S.A.S Nagar Mohali, Punjab, Mohali, Punjab	India	multi_2_3	India__multi_2_3
S1-104288377	Smart Security Products	105 Valley Dale Street, Bluefield Town, VA	US	multi_2_3	US__multi_2_3
S1-679761837	Skn Technologies Pvt. Ltd.	110/62Jawahar Nagar Kanpur, Uttar Pradesh, Jyotiba Phule Nagar, Uttar Pradesh	India	multi_4_plus	India__multi_4_plus
S1-398623197	Diamond Electronics Products LP	16040 Dellinger Road, Williamsport, MD	US	multi_2_3	US__multi_2_3
S1-654319475	Shining Foundation Pvt Ltd	Maharashtra, Breeze Apt, Link Rd, Kandivali W Opp Ekta Nagar, C Shivaji Raje Complex, Mumbai City, Mumbai, 707/ 51	India	single_1	India__single_1
S1-988162274	Maid Nails	2727 A Green Place, Nogales, AZ	US	multi_4_plus	US__multi_4_plus
S1-725482440	Guru International Private Limited	Plot No - D-13/5, 13/6 13/7 Ttc Indl Area Turbhe, Navi Mumbai, Thane, Maharashtra	India	multi_4_plus	India__multi_4_plus
S1-900839250	Rathi Trading Pvt. Ltd.	Angan Society, Near Idbi Bank, Plot No .46, Sector - 12, Vashi, Navi Mumbai, B- 402, Thane, Maharashtra	India	multi_4_plus	India__multi_4_plus
S1-402190556	Global Coalition LLC	Talcott, WV, 628 Ballengee Road	US	singleton_0	US__singleton_0
S1-254948925	Solutions Shalimar Solutions Private Limited	Tamil Nadu, 11/27, Coimbatore South, 1 St 8, Pechiamman Nagar, Coimbatore	India	multi_4_plus	India__multi_4_plus
S1-588972180	Turner & Hoover	21777 Panoche Road, Unit UNIT 6, Apple Valley, CA	US	multi_2_3	US__multi_2_3
S1-945427534	Jean Nasdaq of Liberty	Liberty, 30 Townsend Road, NY	US	multi_4_plus	US__multi_4_plus
S1-128982061	Sanet Liberty Oceanhawk LLC	11756 Shaffer Place, Unit 707, Ken Caryl, CO	US	multi_4_plus	US__multi_4_plus
S1-395813861	Sampada Ventures Private Limited	No. 161, 2Nd Stage, 3Rd Block 2Nd F Cross, Nagarabhavi, Bangalore, Karnataka	India	multi_2_3	India__multi_2_3
S1-701826028	Sunrise Southern Technologies Private Limited	Bn 347, Bapuji Nagar Pongumoodu, Medical College P O, Thiruvananthapuram, Thiruvananthapuram, Trivandrum, Kerala	India	multi_4_plus	India__multi_4_plus
S1-972680541	Swayambhu Hr Private Limited	5W, 5Th Floor, The Metropolitan, Bkc, Bandra(East), Mumbai, Maharashtra	India	multi_4_plus	India__multi_4_plus
S1-618662942	Om Technologies (India) Private Limited	Block A, S.F. 22, 23, 43, 44, Amrapali Shopping Mall, Amblibopalcross Road, Ambli, Ahmedabad, Gujarat	India	multi_2_3	India__multi_2_3
S1-518174612	Gaitan Viii Corporation	58 Lake Shore Drive, Malta, NY	US	multi_4_plus	US__multi_4_plus
S1-464514986	Valley Fund	97 Cass Avenue, Cheektowaga, NY	US	multi_2_3	US__multi_2_3
S1-209679799	Smith Fresh Materials LLC	2 Hill Top Road, Wellesley, MA	US	multi_2_3	US__multi_2_3
S1-795396451	Clear Financial Solutions LP	774 Old Barnstable Road, Falmouth, MA	US	multi_2_3	US__multi_2_3
S1-342951810	Kameko Metz Solid LLC	12175 Mcdowell Road, Unit 4106, Avondale, AZ	US	multi_4_plus	US__multi_4_plus
S1-576025148	Mpg Estate Private Limited	House No. 256, Nisarga Layout Bhannerghatta Post, Bangalore, Karnataka	India	multi_2_3	India__multi_2_3
S1-231656500	Patel Clean Impact Inc	16 Dalex Court, Glen Cove, NY	US	multi_2_3	US__multi_2_3
S1-524257728	Tours Media Private Limited	Village Bhagatpura, Teh- Bassi Pathana, Fatehgarh Sahib, Punjab	India	multi_2_3	India__multi_2_3
S1-896142542	Laxmi Services	Plot No. 16 & 17, 2Nd Floor, Dwarka Sector 11, New Delhi, New Delhi, South West Delhi, Delhi	India	multi_4_plus	India__multi_4_plus
S1-389823921	Smart Broadcast Technologies L.L.C.	1106 Cheyenne Trail, Springdale, AR	US	multi_2_3	US__multi_2_3
S1-798829584	WN Associated Private Limited	H No.501, Mvv Royal Palace, Visakhapatnam (Urban), Visakhapatnam, Vishakhapatnam, Andhra Pradesh	India	multi_4_plus	India__multi_4_plus
S1-525179045	Ishita Partners Pvt Ltd	Plot No-15/561, Khata No-923, 2Nd Floor At-Nuagoan Chhak, Samantarapur, Bhubaneswar, Khordha, Orissa	India	multi_2_3	India__multi_2_3
S1-556204321	Orbyn Newbridge LLC	2715 Gault Avenue, Fort Payne, AL	US	multi_4_plus	US__multi_4_plus
S1-801762412	3171 Second Lane Apartments	10062 Timothy Road, Dunn, NC	US	multi_4_plus	US__multi_4_plus
S1-636502807	Sbk Fincon Private Limited	703, Sharda Chambers, 15, New Marine Lines, Mumbai, Mumbai City, Maharashtra	India	multi_4_plus	India__multi_4_plus
S1-150559294	Ennoum	303 Chatham Street, Cary, NC	US	multi_4_plus	US__multi_4_plus
S1-213636984	Internal Medicine Reliable Associates, LLC	38408 Glacier Drive, North Branch, MN	US	multi_4_plus	US__multi_4_plus
S1-33278770	Kathe S. Clayton, P.A., PC	16 Morning Dove Drive, Westport, MA	US	multi_4_plus	US__multi_4_plus
S1-323831001	Operating Engineers Local Union 451	6874 Highway One, Mecklenburg County, VA	US	multi_2_3	US__multi_2_3
S1-3635873	Mcneely Blue Stanley, Inc	7051 27th Way, Phoenix, AZ	US	multi_2_3	US__multi_2_3
S1-117094654	Modern Robotics Partners	800 Prospect Street, Southington, CT	US	multi_4_plus	US__multi_4_plus
S1-178166333	Ppn Ventures Ltd	Shop E-7, Wing-E, World Of Mother Ground Floor, Akurdi Road, Pimpri Chinchwad, Pune, Maharashtra	India	multi_4_plus	India__multi_4_plus
S1-137817720	Consolidated Materials Services	Bloomington, 18361 Marygold Avenue, CA	US	multi_2_3	US__multi_2_3
S1-166116497	Urban Projects Private Limited	139, Damji Shamji Industrial Complex, Next To Navnit Motors, Mahakali Caves Road, Andh, Eri (East), Mumbai, Mumbai City, Maharashtra	India	multi_4_plus	India__multi_4_plus
S1-501651309	Motor Trading Pvt Ltd	302, Ganesh Palaza, Gola Ka Mandir, Gwalior, Madhya Pradesh	India	multi_4_plus	India__multi_4_plus
S1-85541429	Clear Wealth Ventures LLC	Sanford, NC, 1337 Broadway Road	US	multi_2_3	US__multi_2_3
S1-551779297	Indore Documentation Limited	Indore, Bright Stone Appt. 25-26 Ahilya Mata Colony, Madhya Pradesh, Indore, 304	India	multi_4_plus	India__multi_4_plus
S1-113644707	Supreme Payroll Enterprises	13 Park Place, Suffern, NY	US	single_1	US__single_1
S1-712766268	Range & Sons Ltd	Office 2, 22, Paradise, Villa Comp. Bhulabhai Rd, Mumbai, Maharashtra	India	multi_2_3	India__multi_2_3
S1-652031454	Barajas Select Digitalbridge	WV, Martinsburg, 119 Sumter Drive	US	singleton_0	US__singleton_0
S1-507376060	Downtown Book Store Inc	537 Hathaway Road, Oakwood, OH	US	single_1	US__single_1
S1-840805501	Paul, Cornie T., DPM	5309 52nd Street, Omaha, NE	US	multi_2_3	US__multi_2_3
S1-226121258	Slattery Paper Inc	10948 262nd Avenue, Zimmerman, MN	US	single_1	US__single_1
S1-999573789	International Sultan Biosolutions Pvt Ltd	Office No -311, 3Rd Floor, Millionaire Business Park, Opp Shivalik Western, L P Savani Road, Surat City, Surat, Gujarat	India	multi_2_3	India__multi_2_3
S1-699065284	Lower Property Solutions Inc	Washington, Unit 502, DC, 1270 4th Street	US	multi_2_3	US__multi_2_3
S1-982706227	High Constructions Limited	Anekal, Ground, Floor, S V Pleasenta, No. Flat No.1011, Bangalore, Karnataka	India	multi_4_plus	India__multi_4_plus
S1-53323215	Raj Consulting Pvt Ltd	701, Dlf Tower A, Jasola New Delhi, Delhi, New Delhi, Delhi	India	singleton_0	India__singleton_0
S1-897656455	Interstate Federation LLC	279 Spruce Street, Abington, MA	US	singleton_0	US__singleton_0
S1-182374802	Jay Enterprises Private Limited	H.No 9-1-34/15/40 Bapu Nagar, Langar House, Hyderabad, Telangana	India	multi_4_plus	India__multi_4_plus
S1-107490330	Pediatric Dentistry Group	205 Brentwood Circle, Dudley, NC	US	multi_2_3	US__multi_2_3
S1-11364303	Integrated Aluminum LLC	1146 Farmers Loop Road, College, AK	US	multi_4_plus	US__multi_4_plus
S1-40108076	Apolo Polytechnic Private Limited	Gurgaon, Haryana, Gurgaon, J-7/5 Dlf Phase-Ii Gurgaon	India	multi_4_plus	India__multi_4_plus
S1-866853577	Ghaziabad Next Private Limited	Plot No. 45, Om Vihar Dondahera, Vijay Nagar, Ghaziabad, Uttar Pradesh	India	multi_2_3	India__multi_2_3
S1-371540331	Williams Prime Otg LLC	7410 92nd Lane, St. John, IN	US	multi_2_3	US__multi_2_3
S1-123756506	Bliss Management Pvt Ltd	F-6/5, Sector No.3, F Type Association, Cbd B, Thane, Maharashtra	India	multi_2_3	India__multi_2_3
S1-260070195	Hoon Select Vance	3175 Melville Drive, Bend, OR	US	multi_4_plus	US__multi_4_plus
S1-113694455	Nicholls, Acosta & Rollins Greenfire LLC	1428 Filene Court, Fairfax County, VA	US	multi_4_plus	US__multi_4_plus
S1-568217118	Simms Osisko Inc	3113 Springdale Avenue, Glenview, IL	US	multi_4_plus	US__multi_4_plus
S1-334222014	Salgado, Stanek and Mehrotra Co	MA, Boston, 2 Draper Street	US	multi_4_plus	US__multi_4_plus
S1-4675623	Robinson Guggenheim	3626 351, Stephenville, TX	US	multi_4_plus	US__multi_4_plus
S1-778632723	Main Street Pilates!	4466 Park Drive, Sacramento, CA	US	multi_2_3	US__multi_2_3
S1-740546073	East Blue Genesis LLC	195 Jack Roy Road, Azle, TX	US	multi_4_plus	US__multi_4_plus
S1-997082363	Swift Creators Private Limited	259-C, First Floor, Tahir Apartments Nayyar Manzil, Jamia Nagar, New Delhi, Delhi	India	multi_2_3	India__multi_2_3
S1-139402285	Paum Pacific, Inc	6575 Hemmingford Drive, Canal Winchester, OH	US	multi_4_plus	US__multi_4_plus
S1-16819367	Meix LLC	217 Larkwood Drive, Richmond, KY	US	multi_2_3	US__multi_2_3
S1-492099079	PX Terminal Private Limited	501, C-817, 818, Geeta Kunj, Sector-C, Lucknow, Uttar Pradesh	India	multi_4_plus	India__multi_4_plus
S1-881453372	Ahrens, Alexander & Rehm Municipals LLC	1284 Haleys Haven Drive, Pine River, MN	US	multi_4_plus	US__multi_4_plus
S1-872082202	Beckwith College	318 Almeron Street, City Of Evansville, WI	US	single_1	US__single_1
S1-567677108	Monica Electric New Delhi Private Limited	South Delhi, Delhi, Rpur, B-7 G/F Kh. 46/2 Molar Band Exten. Main Jaitpur Road Bada, New Delhi	India	single_1	India__single_1
S1-851334426	Solstice Inc	14 9th Street, Richmond, IN	US	multi_2_3	US__multi_2_3
S1-853927014	Milligan Dollar LLC	9 Sunshine Circle, Bridgton, ME	US	single_1	US__single_1
S1-641097414	HML Schwab Inc	Youngstown, OH, 171 Southwoods Avenue	US	multi_4_plus	US__multi_4_plus
S1-391848447	Rinet PLLC	12557 5th Street, Yucaipa, CA	US	multi_4_plus	US__multi_4_plus
S1-975291976	Rapid Advisors Private Limited	38/2457C, Punnakkattuparambil House Sahakarana Road, Elemkulam, Ernakulam, Kerala	India	multi_4_plus	India__multi_4_plus
S1-747872809	India Rambha Finance Private Limited	2-F 3Rd 55/59 Nandlal Mansion Shaikh Memon Street Champa Gully Mj Market, Kalbadevi, Mumbai City, Maharashtra	India	multi_2_3	India__multi_2_3
S1-746555042	Ember Center	8121 Norfolk Way, Dove Valley, CO	US	multi_2_3	US__multi_2_3
S1-804054792	Allure Solutions Private Limited	Room No 30 2 Nd Floord S Agiay Lane Kalbadevi, Mumbai, Maharashtra	India	multi_4_plus	India__multi_4_plus
S1-114549366	Bajaj Brands Private Limited	13 Ganesh Chandra Avenue 5Thfloor R No 25, Kolkata, Calcutta, West Bengal	India	multi_2_3	India__multi_2_3
S1-552270143	Siple Ventures, LLC	San Bernardino, CA, 6032 Linda Lane	US	multi_4_plus	US__multi_4_plus
S1-168707566	Badyna, Inc	29 Downey Street, Chicopee, MA	US	multi_4_plus	US__multi_4_plus
S1-793274075	Orthopedic Medicine of Virginia Beach City	2404 Rising Sun Court, Virginia Beach City, VA	US	multi_2_3	US__multi_2_3
S1-696062189	Bruce Allstate LLC	1336 Stonehurst Drive, Birmingham, AL	US	multi_2_3	US__multi_2_3
S1-2946223	Satyam Steels Private Limited	183/18 Ground Floor Onkar Nagar -B Tri Nagar, New Delhi, Delhi	India	multi_4_plus	India__multi_4_plus
S1-415976973	Hunger Fellowship PC	MA, Littleton, 66 Grist Mill Road	US	singleton_0	US__singleton_0
S1-600462984	Babb S. Johnson, DO, DDS PC	231 Wildcat Lane, Little Sandy, KY	US	singleton_0	US__singleton_0
S1-814888417	Blaser Crystal Electricity LLC	5054 Just Street, Washington, DC	US	multi_4_plus	US__multi_4_plus
S1-939672665	Custom Pinnacle Cross	1229 Parkside Court, Unit 1229, Cincinnati, OH	US	multi_2_3	US__multi_2_3
S1-395950954	Aragon Biotech L.L.C.	8231 Rebecca Woods Drive, Bartlett, TN	US	multi_4_plus	US__multi_4_plus
S1-315271864	Primary Care All Group	9045 James Avenue, Bloomington, MN	US	multi_2_3	US__multi_2_3
S1-630839433	Chiropractic Associates Inc.	511 55th Street, Renton, WA	US	multi_4_plus	US__multi_4_plus
S1-106671505	H+ Marketing	1764 Heritage Drive, Clarksville, TN	US	multi_2_3	US__multi_2_3
S1-758199483	Commission on Finance Clinic	TX, Charlotte, 384 Rose Boulevard	US	singleton_0	US__singleton_0
S1-567494413	Happy Deli	304 Greenwood Street, Enterprise, OR	US	multi_2_3	US__multi_2_3
S1-697130648	Hall Rre LP	3255 26th Ave, Marion, IA	US	multi_2_3	US__multi_2_3
S1-654546223	Foot & Ankle Physicians, LLC	2234 28th Place, Portland, OR	US	multi_2_3	US__multi_2_3
S1-794592304	Thillainagar Infra Limited	No.7, Mathuram Colony Second Cross, Thillainagar, Trichirapalli, Tamil Nadu	India	multi_4_plus	India__multi_4_plus
S1-560208824	Rsk (India) Associate LLP	146, Chinnamman Kovil Street, 146, Chinnamman Kovil Street, Ambattur, Tiruvallur, Tamil Nadu	India	multi_4_plus	India__multi_4_plus
S1-59695408	Crystal Fresh Generating Partners	434 20 Street, New York, NY	US	multi_4_plus	US__multi_4_plus
S1-608121430	Jenkins, Thomas and Kleven, LLC	4006 Fm 3417, Mount Pleasant, TX	US	multi_4_plus	US__multi_4_plus
S1-374269189	Nicol Myles Drugs	320 30th Street, Unit 208, Charlotte, NC	US	multi_4_plus	US__multi_4_plus
S1-755607644	Vision Care Associates Inc	5431 Pompano Drive, Minnetonka, MN	US	multi_4_plus	US__multi_4_plus
S1-343055849	Vital Trading Center	Shop No 11, 1St Floor, 163 Narayan Dhuru Street, Mumbai, Maharashtra	India	multi_2_3	India__multi_2_3
S1-511400409	Olive Holdings	3101, Maheshwari Nilaya, 6Th B Main, Hal 2Nd Stage, Indiranagar, Bangalore North, Bangalore, Karnataka	India	single_1	India__single_1
S1-583603602	Melgar and Agreda Inc	TX, Katy, 3400 Rachel Lane	US	multi_4_plus	US__multi_4_plus
S1-863833082	White & Duran Nippon	OH, Ada, 3018 Cr 20	US	multi_2_3	US__multi_2_3
S1-130826118	Gloriana Peralta Advisors	4774 Stillmeadow Road, Pittsylvania County, VA	US	multi_2_3	US__multi_2_3
S1-59772688	2 29 Intelligence	NY, 3 Chappell Street, Jordan	US	multi_4_plus	US__multi_4_plus
S1-716981876	Maven Traders Limited	Hyderabad, Telangana, Road No.13, Santoshima Nagar Colony Vinayak Nagar, Neredmet, 30-272/10/A, Malkajgiri	India	single_1	India__single_1
S1-548375445	Hunger Charities	94 Hayward Street, Unit 2, Milford, MA	US	multi_2_3	US__multi_2_3
S1-262658142	Federal Superior Talon	11627 Sparrow Hawk Drive, Bonanza, OR	US	multi_4_plus	US__multi_4_plus
S1-200583972	Watson Liberty Technologies LLC	215 Levin Road, Rockland, MA	US	multi_4_plus	US__multi_4_plus
S1-98743717	Valley Patriot Real	Saint Louis, Unit APT L, MO, 5204 Salinas Valley Drive	US	multi_2_3	US__multi_2_3
S1-701228145	Aryans & Co Company	Plot No. 304 Sisupalgarh, Phase-1, Bhubaneswar, Khordha, Orissa	India	multi_2_3	India__multi_2_3
S1-586642675	Kelsey Academy LLC	Midlothian, 1870 Rough Ridge Trail, TX	US	multi_4_plus	US__multi_4_plus
S1-778055826	Delhi Exports Private Limited	K 318, Giriraj Bhawan Lado Sarai, Delhi, South Delhi, Delhi	India	multi_2_3	India__multi_2_3
S1-48105643	Mumbai Laminating LLP	Mumbai, Maharashtra, Saumil House35 Pali Gaothan 16Th Road Bandra West, Mumbai	India	multi_2_3	India__multi_2_3
S1-246373926	Madlen's Metro Pizza	47 Firehouse Road, Unit Apartment A, Halfmoon, NY	US	multi_2_3	US__multi_2_3
S1-511545524	Selia Kimery Global LLC	2642 Hitchcock Drive, Durham, NC	US	multi_4_plus	US__multi_4_plus
S1-275204207	Natural Animation Limited	P N 703, F.N 802, Indranil, Heights, Rahate Colony, Nagpur, Maharashtra	India	multi_2_3	India__multi_2_3
S1-405501704	Bennett Metro System LLC	WA, Seattle, 10425 57th Avenue	US	single_1	US__single_1
S1-713108778	Ellerbe Crane Inc	3513 Sandpiper Road, Fayetteville, NC	US	multi_4_plus	US__multi_4_plus
S1-926958422	Sunshine Healthcare Ltd	No 9 Darshan Apt S 114/3, Pl 21 Vishrantwadi, Pune City, Pune, Maharashtra	India	multi_4_plus	India__multi_4_plus
S1-735803066	Ear Nose & Throat Signature Group	3232 Castleman Street, Memphis, TN	US	multi_2_3	US__multi_2_3
S1-823308696	International Technologies Private Limited	Huzur Gardenssembiam Chennai 11, Chennai 11, Chennai, Tamil Nadu	India	multi_4_plus	India__multi_4_plus
S1-203378313	Security-widefield Womens Health Care Associates	605 Empress Circle, Security-widefield, CO	US	multi_4_plus	US__multi_4_plus
S1-867038639	Urgent Care Clinic	25320 Chicago Avenue, Ingleside, IL	US	multi_2_3	US__multi_2_3
S1-459819362	Best Enterprises Pvt Ltd	12Th A Cross, 2Nd Stage, W.O.C. Road, Nagapura Ward, Bangalore North, #232, Karnataka, Bangalore	India	single_1	India__single_1
S1-709742992	Kolkata (india) Private Limited	91/2, Safuipara, Baidyapata, Arobindo Park P.S. -Kasba, Kolkata, Kolkata, Howrah, West Bengal	India	single_1	India__single_1
S1-960276951	Veterans Center LLC	1910 Mines Road, Pulaski, TN	US	multi_2_3	US__multi_2_3
S1-152837942	Vijay Agro Private Limited	46 Shantai Bunglow, Gangadham, Bunglow Society Market Yard, Pune, Maharashtra	India	multi_4_plus	India__multi_4_plus
S1-596526282	Federal Restaurant LLC	56 Venus Drive, Augusta County, VA	US	multi_4_plus	US__multi_4_plus
S1-451632001	Roopin Fact Private Limited	Clayton 501 Rodas Enclave, Hiranandani Estate, Thane, Maharashtra	India	multi_2_3	India__multi_2_3
S1-733062267	Dharampal Mandir Limited	5, Nugget 18Th Road, Khar[West], Mumbai, Mumbai City, Maharashtra	India	multi_2_3	India__multi_2_3
S1-362107336	Dupre & Woods Ltd	2151 Avent Ferry Road, Unit 213, Raleigh, NC	US	multi_2_3	US__multi_2_3
S1-202112057	Cozy Coffee LLC	Surprise, 11596 Sierra Dawn Boulevard, AZ, Unit 101	US	multi_4_plus	US__multi_4_plus
S1-257734845	Urology Complete Associates	1721 Goodwin Place, Unit 3, Miamisburg, OH	US	single_1	US__single_1
S1-627443733	Freight India Private Limited	175, Sec 16-17, Hissar, Haryana	India	multi_4_plus	India__multi_4_plus
S1-821301265	Clear Commercial Works	716 Cajon Street, Redlands, CA	US	multi_2_3	US__multi_2_3
S1-196137389	Summit Metro Arcelormittal Inc.	1152 Quinby Avenue, Wooster, OH	US	multi_4_plus	US__multi_4_plus
S1-891538220	Hollen's Hospitality	20 Staunton Way, Ofallon, MO	US	multi_4_plus	US__multi_4_plus
S1-540285773	Arielle Gutierrez Piedmont Nextera LLC	108 Summer Pointe Lane, Huntsville, AL	US	multi_2_3	US__multi_2_3
S1-631900768	Main Street Pilates	3610 Smooth Brome Lane, Spring, TX	US	multi_2_3	US__multi_2_3
S1-904919269	Sparks Terra	7851 Windy Lane Street, Massillon, OH	US	multi_4_plus	US__multi_4_plus
S1-337956782	Summit Bdc Corp	4564 Peak View Road, Panguitch, UT	US	singleton_0	US__singleton_0
S1-416132042	Enterprises Wonderland Dhatu Limited	Plot No -10 Mecca Ganj Khadra, Lucknow, Uttar Pradesh	India	multi_4_plus	India__multi_4_plus
S1-882119947	Glyphial Ethereum Inc	15538 35, Bigfork, MT	US	multi_4_plus	US__multi_4_plus
S1-73448004	Bangalore Girl Corp	Office No. 213, 2Nd Floor, Ramanashree Arcade No. 18, M.G. Road, Bangalore, Karnataka	India	multi_2_3	India__multi_2_3
S1-633010332	Mountain Center	5239 Augusta Minerva Road, Augusta, KY	US	multi_2_3	US__multi_2_3
S1-829361833	Whitaker, Alameda W., L.C.S.W.	23 R Olde Farm Road, Easton, MA	US	multi_4_plus	US__multi_4_plus
S1-243842847	Jem Bags (India) Corporation	B-87, R. K. Puram Govindpuram, Ghaziabad, Uttar Pradesh	India	multi_4_plus	India__multi_4_plus
S1-740767524	Leo Bakery Inc	22546 Tomball Parkway, Houston, TX	US	multi_4_plus	US__multi_4_plus
S1-694342691	Carrier Cafe Inc.	161 Northern Boulevard, Wilmington, NC	US	multi_4_plus	US__multi_4_plus
S1-472167909	Shyam Food Limited	Shop No. 19A, Jaggi Garden, Ambala, Haryana	India	multi_2_3	India__multi_2_3
S1-865851636	Sunrise Software Private Limited	Shop 13 G Floor Sai Elega Vill Dholka Tal Dholka, Ahmedabad, Dholka, Ahmedabad, Gujarat	India	multi_2_3	India__multi_2_3
S1-951700056	City Foods Private Limited	84/2 Topsia Road(South), Kolkata, Howrah, West Bengal	India	multi_4_plus	India__multi_4_plus
S1-275734532	Beth Ministries	3320 Leslie Lane, TN, Murfreesboro	US	multi_4_plus	US__multi_4_plus
S1-981209073	Express Security LLC	19 Edward Avenue, Lewiston, ME	US	multi_4_plus	US__multi_4_plus
S1-429418207	Lotus Infotech Private Limited	Baghapurana Road Nihal Singh Wala, Moga, Ferozepur, Punjab	India	multi_4_plus	India__multi_4_plus
S1-879359799	Leanor Backman Horizon Resources Inc	52 Hazel Drive, Patterson, NY	US	multi_4_plus	US__multi_4_plus
S1-566146835	Little Deli	2925 Southwest Parkway, Unit B, Wichita Falls, TX	US	multi_2_3	US__multi_2_3
S1-705476736	Fresh Book Store, Inc	6804 Tulane Drive, High Point, NC	US	multi_4_plus	US__multi_4_plus
S1-496440019	Literacy Federation, Inc.	IL, Sugar Grove, 1214 Jones Road	US	multi_4_plus	US__multi_4_plus
S1-104226194	Global Lotus Construction Pvt Ltd	A-212, Malhotra Complex, Gali No. Â 01, Vikas Marg, Shakarpur, Laxmi Nagar, East Delhi, Delhi	India	multi_4_plus	India__multi_4_plus
S1-435807078	Sky Systems Pvt Ltd	Nashik, Flat No A 05, Shree Tirumala Nandan Apartment Ganesh Nagar, Canol Road, Pipeline Road, Anandwall, Maharashtra	India	multi_4_plus	India__multi_4_plus
S1-69267694	Quantium Safeguard Inc	221 Blount Avenue, Unit 109, Knoxville, TN	US	multi_2_3	US__multi_2_3
S1-464826833	Gvk Tools LLP	B 18 Everest Building 3Rdflrtardeo Main Road Mumbai 34, Mumbai, Maharashtra	India	multi_2_3	India__multi_2_3
S1-690582233	East Certified Bakery	1593 Fairmount Drive, Greenfield, IN	US	multi_2_3	US__multi_2_3
S1-27095617	Groth Harmony	S11W29512 Summit Avenue, Town Of Delafield, WI	US	multi_4_plus	US__multi_4_plus
S1-619076941	Fresh Yoga	902 Mercer Street, City Of Wilson, NC	US	multi_4_plus	US__multi_4_plus
S1-740533054	Sd Academy Partners	885, Lake Town, Block - A Ground Floor, Kolkata, Kolkata, Howrah, West Bengal	India	multi_4_plus	India__multi_4_plus
S1-963279486	Harris, Marler and Rogers LLC	109 Fourth Avenue, Huntingburg, IN	US	multi_2_3	US__multi_2_3
S1-430486264	Ashleigh Tolbert, DDS, PC	TX, Stamford, 1215 Landon Street	US	multi_4_plus	US__multi_4_plus
S1-861230100	Edge's Fitness Inc	4170 Tabor Church Road, Fayetteville, NC	US	multi_2_3	US__multi_2_3
S1-164659791	Perfect Foundation	C/O Shri Sudam Vithal, Dahifale, Ganeshwadi, Newasa, Ahmed Nagar, Maharashtra	India	multi_4_plus	India__multi_4_plus
S1-603423853	QLM Bitcoin LLC	6215 Plainview Drive, Evansville, IN	US	multi_4_plus	US__multi_4_plus
S1-281637547	Hogue First Pioneer LLC	1742 Ohio Court, Murfreesboro, TN	US	multi_2_3	US__multi_2_3
S1-642499595	Leander Oncology Clinic LLC	Leander, 678 Travisso Parkway, TX	US	singleton_0	US__singleton_0
S1-684050515	Krishna Constructions Limited	49 Gandhi Nagar Gr Floornear Apna Bazar Mhada, Bandra East, Mumbai, Maharashtra	India	multi_2_3	India__multi_2_3
S1-719305733	Lissi Passero Starwood PC	174 Carlton Road, Whitehall, NY	US	multi_4_plus	US__multi_4_plus
S1-787720074	Urology Heartland Care Associates Inc	KY, Clay, 6501 132	US	singleton_0	US__singleton_0
S1-217436511	Sterling Business Industries, LLC	4401 Greenleaf Drive, Portland, OR	US	multi_4_plus	US__multi_4_plus
S1-202874630	Big Education Private Limited	D No 2-118, Pithapuram, East Godavari, Andhra Pradesh	India	multi_2_3	India__multi_2_3
S1-877702394	Trusted Micro LLC	NC, Archdale, 1019 Bradford Lane	US	multi_4_plus	US__multi_4_plus
S1-609044766	Smart Enterprises Private Limited	Shrikant Chambers, 5 & 6, Ground Floor, Sion Trombay Road, Nest To R.K. Studio, Chembur, Mumbai, Mumbai City, Maharashtra	India	multi_4_plus	India__multi_4_plus
S1-209809152	Gatlin Apex LLC	22516 Compton Road, Athens, AL	US	multi_2_3	US__multi_2_3
S1-478951841	Steven Electronics, PLLC	14826 Fairview Road, Clear Spring, MD	US	singleton_0	US__singleton_0
S1-989222561	Keystone Telecom Technologies LLC	3171 Stag Lane, Clarksville, TN	US	multi_4_plus	US__multi_4_plus
S1-608997337	Halcari Studios PLLC	12 Pine Cone Drive, Pittsford, NY	US	single_1	US__single_1
S1-567968734	Pune Electrical Private Limited	201, Sai Siddhi, 2Nd Floor, Cts No. 562/3, Behind Congress Bhavan, Shivajinagar, Pune, Maharashtra	India	multi_4_plus	India__multi_4_plus
S1-224534945	Gitanjali Realestate Private Limited	Khasra No 950, 950 Me And 951, Village Kilhora Jalalabad Hapur, Hapur, Ghaziabad, Uttar Pradesh	India	multi_2_3	India__multi_2_3
S1-32232127	Dental Integrated Clinic Inc	650 Iliad Loop, Big Sandy, MT	US	multi_4_plus	US__multi_4_plus
S1-252168837	Ardon Piedmont Energy	3400 White Sock Lane, Unit 104, Raleigh, NC	US	multi_4_plus	US__multi_4_plus
S1-252861226	Classic Federal Eco, LLC	3420 301, Wilson, Unit F, NC	US	multi_4_plus	US__multi_4_plus
S1-399928359	Shaheed & Brothers Private Limited	Office No.307, 10, Biz Park, Sr-No 227/A/1 To 17, Plopune, Pune, Pune City, Pune, Maharashtra	India	multi_4_plus	India__multi_4_plus
S1-518508156	Sree Constructions Private Limited	No 28/2056, Illathum, Mugal, Mazjith Road, Ernakulam, Kerala	India	multi_4_plus	India__multi_4_plus
S1-712615738	1858 Sixth Court Properties Company	Newark Twp, 2200 Martinsburg Road, OH	US	multi_2_3	US__multi_2_3
S1-311293844	Jeanbaptiste Textiles LLC	164 Whitehall Road, Unit 22, Amesbury, MA	US	multi_4_plus	US__multi_4_plus
S1-762091371	Real Developers Limited	Delhi, House No 186-F, New -186-A Plot No 4 Kh No 667, 668 Ist Floor Sudershan Park, West Delhi	India	multi_4_plus	India__multi_4_plus
S1-567398746	Crystal First Transport LLC	12007 Sage Ridge Circle, Sandy City, UT	US	single_1	US__single_1
S1-265214931	New Agro	500/D, 3 Rd South Street, Palayamkottai, Tirunelveli, Tamil Nadu	India	multi_4_plus	India__multi_4_plus
S1-356870727	FP First Associates LLC	Zachary, LA, 22000 -22100 Samuels Road	US	multi_2_3	US__multi_2_3
S1-887937158	Bright Business Pvt Ltd	Opp. Isckon Temple, Ahmedabad, 16 Surmount Complex, Gujarat, S. G. Road	India	multi_2_3	India__multi_2_3
S1-197922151	Orbelle Quality Inc	6110 Trotting Place, Greensboro, NC	US	multi_2_3	US__multi_2_3
S1-542584120	Arts Federation II	2919 Saratoga, MO, Ozark	US	multi_4_plus	US__multi_4_plus
S1-545601391	Grewal Exports Private Limited	Howrah, 2/3 Judges Court Road Ground Floor Divine Bliss, Kolkata, West Bengal	India	multi_4_plus	India__multi_4_plus
S1-899874737	Pal Welfare Society	2/22 P V Complex Gokula Extension Mathikere Bangalore, Bangalore, Karnataka	India	multi_2_3	India__multi_2_3
S1-96105662	Durga Consulting Private Limited	Athanala Patna Gopinathpur, Puri, Orissa	India	multi_4_plus	India__multi_4_plus
S1-378164861	Industrial Wholesale Enterprises	2507 Branson Landing, Unit Unit 507B, Branson, MO	US	multi_4_plus	US__multi_4_plus
S1-188838948	Verryn Investors Inc	2331 Hanway Avenue, Casper, WY	US	multi_4_plus	US__multi_4_plus
S1-725881523	Silva & Brothers Private Limited	Delhi, New Delhi, Rz K-34, Delhi, Chankya Palce-Ii Chankya Palce, Uttam Nagar	India	multi_4_plus	India__multi_4_plus
S1-642889408	Aahana Solar Limited	1St Floor, Dheeraj Arma, Anant Kanekar Marg, Station Road, Bandra (E), Mumbai, Mumbai City, Maharashtra	India	multi_2_3	India__multi_2_3
S1-958033344	Morales All Developments	3 Sienna Court, Bolingbrook, IL	US	multi_2_3	US__multi_2_3
S1-103087087	Econ Brothers Private Limited	Gurugram, Haryana, C/O, Business System, 791/5 Udyog Vihar, Phase V, Sector 19, Gurgaon	India	multi_2_3	India__multi_2_3
S1-128752834	OIM Services Private Limited	House No. 32, 2Nd Floor, Blk-C, Rohit Kunj, Pitampura, Delhi, North West, Delhi	India	singleton_0	India__singleton_0
S1-547159300	FKJ Vision	3261 2182, Greenville, TX	US	multi_4_plus	US__multi_4_plus
S1-620478575	Deepali (India) Generation Pvt Ltd	189, Katra, Bal Singh, Etawah, Etawa, Uttar Pradesh	India	multi_2_3	India__multi_2_3
S1-178876907	Om Engineering Private Limited	59A-8-18, P No 100, 4F, Fun Time Road, Vijayawada (Urban), Krishna, Andhra Pradesh	India	multi_4_plus	India__multi_4_plus
S1-849481731	Charles Atlantic Northland LLC	9111 A, Brooklyn, NY	US	multi_4_plus	US__multi_4_plus
S1-688126318	Dolorita Avalos Cea	4406 Acorn Creek Trail, Killeen, TX	US	multi_4_plus	US__multi_4_plus
S1-33056069	YFW Creations Private Limited	Sii Cfb, Garment Park 19, Canal South Road, Kolkata, Howrah, West Bengal	India	single_1	India__single_1
S1-948645160	Vasavi Marine Company	H/O Shashikant Kumar, Shivpuri Moh. Ramchanderpur, Biharsharif, Biharsharif, Nalanda, Bihar	India	multi_4_plus	India__multi_4_plus
S1-844412430	Twisted Book Store LP	1125 Madison Street, Unit B3, Annapolis, MD	US	multi_4_plus	US__multi_4_plus
S1-742621734	Lo, Stout & Hopkins LP	319 Ramsey Street, Burnsville, NC	US	multi_4_plus	US__multi_4_plus
S1-302236884	Evergreen Seva Samiti	101 New Jamdeeh, Ground Floor, Pandey Kailly Road, Near District Hospital, Basti, Uttar Pradesh	India	multi_4_plus	India__multi_4_plus
S1-311846995	Guerra & Malcom	9822 Antonia Drive, Fl 0, Saint Louis, MO	US	single_1	US__single_1
S1-69397808	A Silver Battery Inc	4269 19, Amity, NY	US	multi_2_3	US__multi_2_3
S1-86767402	Metropolitan Flex LLC	382 Davis Avenue, Greenwich, CT	US	multi_4_plus	US__multi_4_plus
S1-792522737	Multimedia LLC	2545 Spindlehill Drive, Cincinnati, OH	US	multi_2_3	US__multi_2_3
S1-381886853	Urology Pinnacle Care LLC	1963 Canyon Road, Unit 308, Provo, UT	US	singleton_0	US__singleton_0
S1-273577921	Nathalia Upton, D.D.S., DDS PC-Bountiful	UT, Unit 16, 2095 Main Street, Bountiful	US	single_1	US__single_1
S1-419262238	Denna's Electric	164 Shirley Drive, Conemaugh, PA	US	multi_2_3	US__multi_2_3
S1-903253210	Great Xii Inc	231 1 State Street, Geneseo, IL	US	multi_4_plus	US__multi_4_plus
S1-517928856	Hanley, Kevyn, DMD	3987 Las Casitas Avenue, Unit A, El Paso County, TX	US	multi_4_plus	US__multi_4_plus
S1-24037948	Bright Health Solutions	4122 Barberry Drive, Whitemarsh Township, PA	US	multi_4_plus	US__multi_4_plus
S1-710958365	Great Brothers Private Limited	Ground Floor, J J Desai Empire, Majura Gate, Beside Dayalji Ashram, Ring Road, Surat City, Surat, Gujarat	India	multi_2_3	India__multi_2_3
S1-609943755	Sss Chits Private Limited	Mumbai, Maharashtra, 222 Hindustan Kohinoor Indus-Rial Complex L B S Marg Vikhroli West, Mumbai	India	multi_2_3	India__multi_2_3
S1-139678466	Bmr Enterprises Private Limited	C Block 11-A, Laxmi Vihar, Najafgrah, South West Delhi, Delhi	India	singleton_0	India__singleton_0
S1-157352844	Agro Sagar Technologies Limited	Plno.109, Thirumalai Nagar, Moondramkattalai, Sriperumbudur, Kanchipuram, Tamil Nadu	India	multi_2_3	India__multi_2_3
S1-199102615	Serrano Rocky P.C.	130 Valley Road, VA, Troutville Town	US	multi_2_3	US__multi_2_3
S1-705923786	Prue Rice, DO Center	826 Three Notch Street, Unit Unit 301, Troy, AL	US	multi_4_plus	US__multi_4_plus
S1-528564226	Sorensen's Supply Inc	641 La Grange Road, La Grange, IL	US	multi_4_plus	US__multi_4_plus
S1-874413333	Primary Care Classic Associates LLC	James City County, VA, 3005 London Company Way	US	multi_4_plus	US__multi_4_plus
S1-60298642	Tejika Entertainment Private Limited	Punjab, Fatehabad Khadoor Sahib, H.No.190, Tarn Taran, Amritsar	India	multi_2_3	India__multi_2_3
S1-150130742	Dexter Academy of East Delhi Private Limited	Delhi, East Delhi, Office No 208, Second Floor, Tower No 4, Sincere Tower, Preet Vihar	India	multi_4_plus	India__multi_4_plus
S1-372780237	Chicago Esports LP	7604 Euclid Avenue, Chicago, IL	US	multi_4_plus	US__multi_4_plus
S1-225330494	Oxygen Retail Private Limited	First Floor, 70, 17 A Main, 5Th Cross, Khb Colony, Bangalore South, Bangalore, Karnataka	India	multi_2_3	India__multi_2_3
S1-848604347	Petronia Gourley Trusted Graf Inc.	City Of Juneau, 366 Fairfield Avenue, WI	US	singleton_0	US__singleton_0
S1-623168313	Historical Guild of Fairfax County	8369 Richmond Highway, Fairfax County, VA	US	multi_4_plus	US__multi_4_plus
S1-336587531	Ansh About Clinic	A-405, 119 Business Point, Sahar Road, Andheri East, Mumbai, Mumbai City, Maharashtra	India	multi_2_3	India__multi_2_3
S1-190337071	Brynna Gallagher Oriental Inc.	Grand Prairie, TX, 610 Woodcrest Drive	US	multi_2_3	US__multi_2_3
S1-239116571	CKT Impex Pvt. Ltd.	H. No. 77-78, Amrit Nagar Kotla Mubarakpur, New Delhi, South Delhi, Delhi	India	multi_4_plus	India__multi_4_plus
S1-767692254	Beacon Medicine Inc	DE, Unit 309, Bridgeville, 33 Elizabeth Cornish Landing	US	single_1	US__single_1
S1-163216207	Good Finance Private Limited	1St Fr. 201E, 16 Strand, Road, Diamond Heritage, Kolkata, Kolkata, Howrah, West Bengal	India	multi_2_3	India__multi_2_3
S1-665002447	Kara Welfare Society	No 1216, First Floor, 2Nd Block Bel Layout, Vidyaranyapura, Bangalore, Karnataka	India	multi_2_3	India__multi_2_3
S1-43043013	Sadyna Inc	1633 Wesbourne Drive, Upper Marlboro, MD	US	multi_4_plus	US__multi_4_plus
S1-11038305	Seven Future Power Private Limited	Plot No - A -7, Satyamev, Industrial Heartland, Mahesana, Gujarat	India	multi_4_plus	India__multi_4_plus
S1-613330043	Sukriti Pharma Private Limited	4Th Floor, 29, Cenotaph, 2Nd Lane, Teynam, Pet, Sowcar Golden Homes Apartments A4, Chennai, Tamil Nadu	India	multi_4_plus	India__multi_4_plus
S1-312362448	Kitchen Technologies Limited	H.No 743, Vpo Barahi, Bahadurgarh, Jhajjar, Haryana	India	single_1	India__single_1
S1-155923854	4289 Commerce Street Management PC	NC, Black Mountain, 21 Dew Waite Road	US	multi_2_3	US__multi_2_3
S1-505805746	Supreme Exports	60/49E, Jc Chambers, 3Rd Floor, V172 Opposite Kairali Flat, Panampilly Nagar, Ernakulam, Kerala	India	multi_2_3	India__multi_2_3
S1-104728351	Hyderabad Investments Private Limited	Flat No. 501, Bharati Nilayam, H. No. 7-1-277/10, Balkampet, Sr Nagar, Hyderabad, Telangana	India	multi_4_plus	India__multi_4_plus
S1-337207742	Hunger Fellowship Clinic	423 Newberg Road, Snohomish, WA	US	multi_4_plus	US__multi_4_plus
S1-548154459	Pearson Superior Biologics Inc.	951 Elma Street, Ontario, CA	US	multi_2_3	US__multi_2_3
S1-432329614	Hayes Evo LLC	9321 Alameda Avenue, City Of El Paso, TX	US	multi_4_plus	US__multi_4_plus
S1-477846117	Silva Hobbs Metropolitan Horse Inc	1219 16th Avenue, Hibbing, MN	US	multi_4_plus	US__multi_4_plus
S1-600799192	Heartland Lifesciences, Inc	10250 Maverick Drive, Fort Worth, TX	US	multi_2_3	US__multi_2_3
S1-143371188	Anish Ventures Private Limited	Mumbai, Maharashtra, Off No. 2419 Bldg No 51, The Bandra Nishigandha Chs Opp. M.I.G. Club, Gandhi Nagar, Bandra (, East), Mumbai City	India	multi_4_plus	India__multi_4_plus
S1-435390124	Metropolitan Institute	6424 Kilmer Street, Hyattsville, MD	US	multi_4_plus	US__multi_4_plus
S1-872978967	Urology Regional Clinic Corp	2220 66th Lane, Phoenix, AZ	US	multi_2_3	US__multi_2_3
S1-652844525	Aragon Cornerstone Tavia LLC	348 Valley Club Circle, Little Rock, AR	US	multi_4_plus	US__multi_4_plus
S1-380072062	Red Book Store Inc	238 Loma Linda Road, Waxahachie, TX	US	multi_2_3	US__multi_2_3
S1-258644838	Nelson Costamare LLC	310 Christiana Avenue, Wilmington, DE	US	multi_2_3	US__multi_2_3
S1-470122219	Lacy Integrated LLC	9813 Willow Wind Drive, Midwest City, OK	US	multi_4_plus	US__multi_4_plus
S1-751991890	Premier Solutions Private Limited	806 Indraprasth Corporate, Opp. Venus Atlantis, B/S Safal Pagusus, Nr. Prahalad Nagar Ga, Rden, Ahmedabad, Gujarat	India	singleton_0	India__singleton_0
S1-219401270	Calodyne LLC	1729 Foxhall Drive, Rocky Mount, NC	US	multi_4_plus	US__multi_4_plus
S1-41217356	Dental Valley Specialists LLC	4 Curtis Street, Peabody, MA	US	multi_4_plus	US__multi_4_plus
S1-82597331	Padilla, Hossain & Baughman Water Inc	11022 Honey Suckle Haven Drive, Cypress, TX	US	multi_4_plus	US__multi_4_plus
S1-972491065	Mk Academy Private Limited	Ground Floor Laxmi Complex, C-Scheme, Rajasthan, Jaipur, Shop No 54, Jaipur	India	multi_2_3	India__multi_2_3
S1-508245542	Superior Star Emera LLC	13036 45th Place, Phoenix, AZ	US	multi_2_3	US__multi_2_3
S1-431910363	Berte Hamilton Algonquin LLC	Knoxville, 4101 Buffat Mill Road, TN	US	singleton_0	US__singleton_0
S1-146756004	Owens, Nieland & Shah Inc	2624 14th Avenue, Minneapolis, MN	US	multi_2_3	US__multi_2_3
S1-59045637	Primary Care Choice Specialists LLC	723 Zuni Street, Taos, NM	US	single_1	US__single_1
S1-97617272	Blithe Sandefur Great Pharmaceuticals Inc	14405 Hubbard Road, Burton, OH	US	multi_2_3	US__multi_2_3
S1-952861133	Bay Living PC	11918 Cheviott Hill Lane, Charlotte, NC	US	multi_2_3	US__multi_2_3
S1-453096104	Bagaria Trading Private Limited	No.640, Main Road Shevapet, Salem, Tamil Nadu	India	multi_4_plus	India__multi_4_plus
S1-121744612	Allemand Ventures	231 Barker Camp Road, Dunlap, TN	US	multi_2_3	US__multi_2_3
S1-458342629	India Rishabh Hitech Private Limited	C 7 S/F B/S Plot No 106 Village Asola, Delhi, New Delhi, Delhi	India	multi_4_plus	India__multi_4_plus
S1-865977918	Winterset Urgent Care Center	Winterset, 1011 3rd Avenue, IA	US	multi_2_3	US__multi_2_3
S1-26395213	Valley Sports Inc	1653 Robin Lane, Lisle, IL	US	multi_2_3	US__multi_2_3
S1-304587794	Vaani Ispat (India) Limited	Plot No. 518, Hiwari Layout, Nagpur, Maharashtra	India	single_1	India__single_1
S1-661563907	Sainath Businesses Pvt Ltd	4 Melbourne Building No 12Shastri Nagar Lokhandwala Complex, Andheri West, Mumbai, Maharashtra	India	multi_4_plus	India__multi_4_plus
S1-850983521	Certified Network Partners LLC	121 Summit Street, Baileyville, ME	US	multi_2_3	US__multi_2_3
S1-51547721	Premier Marketing Union PC	5880 Simnasho Drive, Portland, OR	US	multi_4_plus	US__multi_4_plus
S1-381130536	Remote (India) Teleservices Associates	C/O Abdul Ahad Molla, Sr No 1612027 Vill&Po - Nimpith, Ps Jaynagar, Southparaganas, Parganas South, West Bengal	India	multi_4_plus	India__multi_4_plus
S1-774794099	Russell Energy, LLC	9910 Morrell Avenue, Independence, MO	US	multi_2_3	US__multi_2_3
S1-389832922	Services Ashtvinayak Steel Pvt Ltd	16, India Exchange Place 1St Floor, Room No. 26, Kolkata, Howrah, West Bengal	India	multi_2_3	India__multi_2_3
S1-545085971	Foundation Venkateswara Computers Private Limited	243, Vilage Ali Ganj Kotla Lodhi Road, New Delhi, Central Delhi, Delhi	India	multi_4_plus	India__multi_4_plus
S1-925911205	MYF Print	186, Ground Floor, Ganga Lane, Sector -5, Ghaziabad, Uttar Pradesh	India	multi_4_plus	India__multi_4_plus
S1-119967187	Grand Total Oak LLC	1632 Caddie Drive, Bradley, IL	US	multi_2_3	US__multi_2_3
S1-945896358	Bhagyanagar Trading Private Limited	13/20 Pvt 101-C Firstflor, Plot No 20 Block No13 Wea, New Delhi, Central Delhi, Delhi	India	multi_4_plus	India__multi_4_plus
S1-172141160	Elysium Ventures Private Limited	No 13/15 Mukkannikkalarikezhai P O Manjeri, Malapuram, Idukki, Kerala	India	multi_4_plus	India__multi_4_plus
S1-253454791	Pathik Agro Private Limited	I1103, Mayuresh Park, Lake Road Bhandup West, Mumbai, Mumbai City, Maharashtra	India	multi_4_plus	India__multi_4_plus
S1-501349567	Dental Physicians	10 Broad Street, Unit Unit 207, Glens Falls, NY	US	singleton_0	US__singleton_0
S1-609880827	Kaverin Farms Private Limited	Artech House, Thiruvananthapuram, Trivandrum, Tc 24/2014-1, Thycaud, Kerala	India	multi_4_plus	India__multi_4_plus
S1-502852493	Joline Hines Metro Blue Inc	4923 Karington Place Drive, Fl 0, Saint Louis, MO	US	multi_4_plus	US__multi_4_plus
S1-245984026	Eastern Consultancy Private Limited	Matha Sahi, Motel Chhak Near Unani Hospital, Bhadrak, Orissa	India	multi_2_3	India__multi_2_3
S1-890371167	Anand Tech Private Limited	S. No 176, Flat No 801, Shivom Regency, Baner Road, Haveli, Pune, Maharashtra	India	multi_2_3	India__multi_2_3
S1-425545068	Silver Food Private Limited	Karnataka, Bengaluru, No.18, Bangalore, 80 Feet Road Maruthi Nagar, Chandra Layout	India	multi_2_3	India__multi_2_3
S1-927149822	Wilson, Gayler and Tobar Aeon LLC	Unit BLD11, TX, 6611 BLD11 Abode Avenue, Temple	US	multi_2_3	US__multi_2_3
S1-107371240	Ace Solutions Private Limited	P V S Cinema Tanur (P.O), Tanur, Kerala, 16/484, Malapuram, Malappuram	India	multi_4_plus	India__multi_4_plus
S1-224564089	Silver Alpine	9123 Delphine Avenue, MO, Saint Louis	US	multi_2_3	US__multi_2_3
S1-847308349	Msd Buildwell (India)	5989, 3Rd Floor, Gali No.1, Block No.3, Shyam Kutir, Dev Nagar, Karol Bagh, Delhi, Central Delhi, Delhi	India	multi_2_3	India__multi_2_3
S1-29184675	Anchor	312 13th Street, Edmond, OK	US	multi_4_plus	US__multi_4_plus
S1-250460982	Rosado Reit Inc	135 Rochelle Way, Pike Road, AL	US	multi_4_plus	US__multi_4_plus
S1-549242522	Global Apple Inc	1323 Sunset Boulevard, St George City, UT	US	multi_2_3	US__multi_2_3
S1-811793890	Sai Trading	S-104, Bhagat Singh Colony, Bhiwadi, Alwar, Rajasthan	India	multi_4_plus	India__multi_4_plus
S1-162544560	Heritage Regional Ready LLC	TX, Kyle, 170 Tofalla	US	multi_4_plus	US__multi_4_plus
S1-257281473	Kanpur Industries Private Limited	108/117 Gandhi Nagar, Kanpur, Uttar Pradesh	India	multi_2_3	India__multi_2_3
S1-113241674	Peek, Hitchings and Cowan	210 Branson Drive, Dickson, TN	US	single_1	US__single_1
S1-759283843	Kolkata Service Private Limited	144 T. N. G. Road, Kolkata, Howrah, West Bengal	India	multi_2_3	India__multi_2_3
S1-588334625	Blue Endocrinology Inc	836 Willow Street, Unit C, Mount Airy, NC	US	multi_2_3	US__multi_2_3
S1-195228372	Perfect Travels	19/19A, 5Th Floor, Plot No. 128, Chatriwala Building, Sarang Street, Crawford Market, Madvi, Mumbai, Maharashtra	India	multi_2_3	India__multi_2_3
S1-752861091	Halcos Services	25 Plato Boulevard, Saint Paul, MN	US	multi_2_3	US__multi_2_3
S1-27545640	A Precision Chimera Inc.	Bellingham, 115 Main Street, Unit 202, MA	US	multi_2_3	US__multi_2_3
S1-21590818	D J & I Lng	26363 Carondelette Drive, Orange Beach, AL	US	multi_4_plus	US__multi_4_plus
S1-575476192	Express Preferred Grid LLC	7 Hale Street, Newton, MA	US	multi_4_plus	US__multi_4_plus
S1-339562454	Indus Trading Ltd	72, Harleys Roadkilpauk Madras 600 010, Tamil Nadu	India	multi_2_3	India__multi_2_3
S1-590310220	Allums, Huseby and Edgington General Partners	209 Derby Ave, Louisville, KY	US	multi_4_plus	US__multi_4_plus
S1-208550511	Muriel Quality Nextera LLC	NC, Sylva, 1580 Blanton Branch Road	US	multi_2_3	US__multi_2_3
S1-931374745	Indransh Cancer Private Limited	554, Moti Nagar West Dr Habib Marg, Jaipur, Rajasthan	India	multi_4_plus	India__multi_4_plus
S1-385805193	Krause and Richardson East LLC	2091 Park Avenue, Unit 121, Riverton, UT	US	singleton_0	US__singleton_0
S1-503583417	Rk (India) Planet LLP	7/1 Upper Ground Floor Ansari Road Daryaganj, Delhi, Central Delhi, Delhi	India	multi_2_3	India__multi_2_3
S1-904996225	Binnie's Metal Works	Tacoma, 1427 58th Avenue, WA	US	multi_4_plus	US__multi_4_plus
S1-951104915	Hancock and Cummings	4721 Emerald Avenue, Mesa, AZ	US	single_1	US__single_1
S1-862715502	Skytech Vinimay Limited	House No. 18-P, Sector-45, Gurugram, Sector -45, Gurgaon, Haryana	India	multi_2_3	India__multi_2_3
S1-148391306	Golden Properties Private Limited	Ganjam, Orissa, House No. 641/486 Main Road K S Nagar Null, Berhampur	India	multi_4_plus	India__multi_4_plus
S1-118647388	Creative Nutrition Technologies Inc	502 Beaver Street, Jenks, OK	US	single_1	US__single_1
S1-742589371	Hv & Co	Bihar, 2Nd Floor, Muzaffarpur, Bochaha, Prabhakar Resi New Colony, Ahiyapur Umanagar Bochaha	India	multi_2_3	India__multi_2_3
S1-445993033	Espinoza Animal Hospital Inc	833 Willowdale Road, Morgantown, WV	US	multi_4_plus	US__multi_4_plus
S1-469865710	Panchmukhi Surgical Private Limited	Rajasthan, Plot No. 126 Kuldeep Vihar Yojna, Jodhpur	India	multi_4_plus	India__multi_4_plus
S1-792994723	Management Bose Hospitality Ltd	3Rd Floor, Fl 11, Shibani, 57 P.K. Guha Lane, Kolkata, Kolkata, Howrah, West Bengal	India	multi_2_3	India__multi_2_3
S1-267082588	Metro United Biotechnologies Inc	540 Wichert Lane, Sevierville, TN	US	multi_4_plus	US__multi_4_plus
S1-666890802	MJL Builders Private Limited	No. 33/A, 7Th Main, 2Nd Cross, Aralimara Road, Magadi Main Road, Kamakshipalya, Bangalore, Karnataka	India	multi_2_3	India__multi_2_3
S1-360520626	Collins, Costantino and Pfaff LLC	5995 Berry Drive, Mount Hood Parkdale, OR	US	multi_4_plus	US__multi_4_plus
S1-187483691	Metro Applied	5351 Poplar Street, Unit Unit 2, Sweet Home, OR	US	singleton_0	US__singleton_0
S1-173769126	Fresh Nails	9000 Olive Crossing, Unit SUITE 102, Saint Louis, MO	US	multi_4_plus	US__multi_4_plus
S1-663617541	Jay Business Private Limited	C/O Chhavi Nath, Handia, Mamrakhajadishpur, Baraut, Allahabad, Uttar Pradesh	India	multi_2_3	India__multi_2_3
S1-651440891	Smriti (India) Systems Limited	Rz-179B, First Floor, Gali No.-16 Tughlakabad Extention, New Delhi, South Delhi, Delhi	India	multi_4_plus	India__multi_4_plus
S1-199090671	Midwest Management	29 Benjamin Heights Drive, Milford, CT	US	single_1	US__single_1
S1-540861277	A Modern Imperial PLLC	Queen Creek, AZ, 22175 181st Way	US	single_1	US__single_1
S1-39297715	India Kairali Energy Private Limited	Hanumantal, Mp, Jabalpur, Madhya Pradesh	India	single_1	India__single_1
S1-442209506	Pearl Welfare Society	C/O Ramtek Aurangabad Aheer, Sikandrabad, Bulandshahr, Uttar Pradesh	India	single_1	India__single_1
S1-450980854	Deepa Industries Group Private Limited	No.23, Sy No.44, 4Thfloor, D-Souza Layout, Bangalore South, Bangalore, Karnataka	India	single_1	India__single_1
S1-280481884	Wootton and Hubert LLC	2563 Harlem Avenue, Baltimore, MD	US	multi_4_plus	US__multi_4_plus
S1-412363212	20/20 Eye Care	IL, 1812 Eaton Drive, Woodridge	US	multi_2_3	US__multi_2_3
S1-860329153	Reliable Total Care	Wesley Chapel, 2010 Wesley Landing Road, NC	US	multi_2_3	US__multi_2_3
S1-987233197	Dodge & Lucas LLC	51 Johnnycake Lane, New Hartford, CT	US	multi_2_3	US__multi_2_3
S1-925008873	Kwon Legacy Inpoint	NC, 5500 Supreme Drive, Raleigh	US	multi_4_plus	US__multi_4_plus
S1-668150019	AB Prairie Enbridge	3027 Breeze Drive, UT, Magna City	US	singleton_0	US__singleton_0
S1-220435494	Liberty Highland Seafood Inc.	155 Herring Road, Unit E, Princeton, NC	US	multi_2_3	US__multi_2_3
S1-541864132	Scud Real Pvt. Ltd.	2Nd Flr, Krishna Kunj, Plot No.30, Navyug Chs, V.L.Mehta Road, Opp Sunflower Hsp., Jvpd, Maharashtra, 201, Scheme, Vile Parle	India	multi_4_plus	India__multi_4_plus
S1-704300375	Ace Debt Ltd	2129 6, Benson, NY	US	multi_4_plus	US__multi_4_plus
S1-317472121	Northern Fitness-Austin	11429 Flushwing Drive, Austin, TX	US	multi_4_plus	US__multi_4_plus
S1-972321185	Good Technologies Private Limited	Nawal Sabharwal J - 2 / 8, Krishna Nagar, Delhi	India	singleton_0	India__singleton_0
S1-772116613	Behavioral Health Silver Clinic Inc	13822 Northvalley Drive, Hagerstown, MD	US	multi_2_3	US__multi_2_3
S1-449513787	Secunderabad Trading Pvt Ltd	H.No 1-1-2/12, P.No 12, Sai Priya Colony, Sainikpuri Kapra Thashil Office, Secunderabad, Hyderabad, Telangana	India	multi_2_3	India__multi_2_3
S1-814181633	Newlife Advisors Associates	Inside Lane Of Ramani Babu Katira, Maharaja Hata Arrah, Bhojpur, Arrah, Bhojpur, Bihar	India	multi_2_3	India__multi_2_3
S1-304078255	Gracia Hospitality Care	4434 Maple Drive, Eagle Mountain, UT	US	singleton_0	US__singleton_0
S1-273979066	Ernakulam Services LLP	#540 A1, First Floor Hera Heights North Janatha Road, Mamangalam Po, Ernakulam, Kerala	India	multi_4_plus	India__multi_4_plus
S1-532864886	Vanguard Global Marketing L.L.C.	370 N Shore Road, North Haven, ME	US	multi_4_plus	US__multi_4_plus
S1-73403082	Finance Sncl Dairy Partners	3/A, Ramdevnagar Society, Near Panchayat Office, Ahmadabad City, Ahmedabad, Gujarat	India	multi_4_plus	India__multi_4_plus
S1-534524928	Millie Lor Premier Reit, Inc	17029 18th Street, Bellevue, WA	US	singleton_0	US__singleton_0
S1-868073197	Devavi Agro Limited	2-58, Sy.No. 115/1 & 130/P, Ground & Mazzanine Floor, Rajapushpa Summit, Financial District, Golconda, Hyderabad, Telangana	India	multi_2_3	India__multi_2_3
S1-274248826	Vega Gamco	1406 Floyd Young Jr Avenue, Hope, AR	US	multi_2_3	US__multi_2_3
S1-898274882	Morristown, Borough Of	605 Pauline Avenue, Morristown, TN	US	multi_4_plus	US__multi_4_plus
S1-254555114	Prairie Valley Partners	412 Edgewater Way, Mattawa, WA	US	multi_4_plus	US__multi_4_plus
S1-71384152	Clear Talent Systems LLC	2360 Olanco Road, Spafford, NY	US	multi_2_3	US__multi_2_3
S1-437195746	DC Lending LLC	9328 Trenton Lane, Maple Grove, MN	US	multi_2_3	US__multi_2_3
S1-626494746	Lange Nuclear LLC	5320 81st Street, Unit APARTMENT  733, Tulsa, OK	US	multi_2_3	US__multi_2_3
S1-739317502	Reliable Broadcast Holdings	631 Fountain Avenue, Wichita, KS, Fl 0	US	multi_2_3	US__multi_2_3
S1-426721260	Projects Sarathi Infotrain Company	7Th Floor, Esperenca Shahid Bhagat Singh Road, Colaba, Mumbai, Maharashtra	India	multi_2_3	India__multi_2_3
S1-823768766	PE Brookfield LLC	2100 Rexford Road, Montgomery, AL	US	multi_2_3	US__multi_2_3
S1-498595920	1523 First Plaza Associates	6367 Tradition Circle, TX, Brownsville	US	multi_4_plus	US__multi_4_plus
S1-756482636	Stringer & Rayburn Corp	19619 Baugh Street, Nowthen, MN	US	multi_2_3	US__multi_2_3
S1-845810996	Elvira Chavez Plains LLC	2053 Kedvale Avenue, Chicago, IL	US	multi_2_3	US__multi_2_3
S1-651396775	Arellano & Wagner Pennymac	NY, 6853 Club Road, Castile	US	multi_2_3	US__multi_2_3
S1-459760851	Cabaniss and Robinson Foods-Newton Falls	322 Columbia Avenue, Newton Falls, OH	US	multi_4_plus	US__multi_4_plus
S1-139425336	Ramsarup International School	Ahmedabad, 401, Shaili Complex, B/H Rainbow Complex, Nr. Railway Line, Gujarat, Ahmadabad City	India	multi_2_3	India__multi_2_3
S1-844266118	First Nutrition Enterprises LLC	8809 Radcliff Drive, Calabash, NC	US	multi_4_plus	US__multi_4_plus
S1-12379395	Lemieux, Matlock and Troutman Products LLC	6320 Old Highway 94, Weldon Spring, MO	US	multi_2_3	US__multi_2_3
S1-727765247	Bright Software Private Limited	3-10/235/174/3/B, Alakapoor Township, Sector-3 Block-B, Puppalaguda Village, Rajendra N, Agar, Hyderabad, Telangana	India	multi_4_plus	India__multi_4_plus
S1-368086107	Joela Beringer North	6317 Pelican Crescent, Suffolk City, VA	US	multi_4_plus	US__multi_4_plus
S1-169540370	Meerut Fertilizer Private Limited	A-20, Meerut, Uttar Pradesh	India	multi_2_3	India__multi_2_3
S1-634211936	Cognitive Vidyalaya	10B/771, Sector-10B, Lucknow, Uttar Pradesh	India	multi_2_3	India__multi_2_3
S1-852845726	Ram Consulting Private Limited	40/1 Madan Biswas Lane Salkia Lp 172/2, Howrah, West Bengal	India	multi_4_plus	India__multi_4_plus
S1-226110219	Urgent Care Partners Inc	408 Brazos Street, Victoria, TX	US	multi_2_3	US__multi_2_3
S1-21024399	Hitech Marketing Private Limited	H.No. 78, Todarpur, Rajatalab, Varanasi, Uttar Pradesh	India	multi_2_3	India__multi_2_3
S1-922994065	Amethi Finance Limited	Amethi, Uttar Pradesh, Sultanpur, C/O Narsingh Yadav Ramganj Ram Awadh Rampur Ramganj	India	multi_2_3	India__multi_2_3
S1-476022166	Elite Environmental Worldwide	87 Conner Road, Campbell County, VA	US	multi_2_3	US__multi_2_3
S1-898279595	Star Enterprises Pvt Ltd	North Delhi, Delhi, 26, Prem Niwas Malkaganj Road, Delhi	India	multi_2_3	India__multi_2_3
S1-237816694	Palmer Unified Digitalbridge LLC	473 Baylor House Road, Bigelow, AR	US	multi_4_plus	US__multi_4_plus
S1-35857897	National Services Private Limited	Gc. 1732 Asha Residency, Behind Durga Hotel, Near Remandhome Gate, Shastrinagar, Malk, Apur, Karad, Satara, Maharashtra	India	multi_2_3	India__multi_2_3
S1-96377411	Midwest Ethereum	2532 40th Street, Lorain, OH	US	single_1	US__single_1
S1-779526307	Gunderson Green Innovations	Rochester, Unit Unit 3, 29 Weicher Street, NY	US	singleton_0	US__singleton_0
S1-501127978	Kolkata Brewery Limited	10A/1, Abinash Chowdhury Lane, Kolkata, Howrah, West Bengal	India	multi_2_3	India__multi_2_3
S1-536123538	Apex Gujarat Management Private Limited	Room No.8, Adarsh Bhavan, Sahakar Nagar Mahakali Gumpha Rd, Andheri East, Chakal, A, Mumbai, Mumbai City, Maharashtra	India	multi_4_plus	India__multi_4_plus
S1-813205952	Dahl Unified Armada Inc	102 R South Street, Cuba, NY	US	multi_4_plus	US__multi_4_plus
S1-953219249	Malik Limtied Private Limited	Shop No 132 Ff Market Yard Kodinar, Gir Somnath, Junagadh, Gujarat	India	multi_4_plus	India__multi_4_plus
S1-410040347	Temple Synagogue	10202 W Maple Road, Omaha, NE	US	multi_2_3	US__multi_2_3
S1-576320097	Saint Cathedral	1857 700, Claypool, IN	US	multi_4_plus	US__multi_4_plus
S1-68688729	Gf Saraswati Vihar Pitampura Singh Limited	D-763, Gf Saraswati Vihar Pitampura, New Delhi, Delhi	India	multi_2_3	India__multi_2_3
S1-369711048	Robichaud Voya LLC	82 Erobi Ln, Iowa City, IA	US	multi_4_plus	US__multi_4_plus
S1-187932653	Rudra Trading Ltd	Haryana, Block A Majra Swraj, Village Majra Swraj, Rewari, Plot No 1	India	multi_4_plus	India__multi_4_plus
S1-558329003	Gonzalez Sizzle Inc.	1390 Macarthur Street, Blacksburg Town, VA	US	multi_4_plus	US__multi_4_plus
S1-740254254	Pediatric Prairie Physicians, LLC	Salem, IL, 1009 Trenary Avenue	US	multi_4_plus	US__multi_4_plus
S1-94119516	Harbor Secure Pony	4351 5, Alexandria, MN	US	multi_2_3	US__multi_2_3
S1-985181624	Pulp Servicesprivate Private Limited	Plot No. 247, Industrial Area Nangla, Faridabad, Haryana	India	multi_4_plus	India__multi_4_plus
S1-609550886	Camper Capital, LLC	80 Volunteer Lane, Fairmont, WV	US	multi_4_plus	US__multi_4_plus
S1-622369449	Raj Universal Tech Private Limited	83-B Vaishali Nagar Annapurna Road, Indore, Madhya Pradesh	India	singleton_0	India__singleton_0
S1-157389910	Bombay Supreme It Limited	Flat No 16 Plot No 34Chaman Chs Main Road Sion West, Mumbai, Maharashtra	India	multi_2_3	India__multi_2_3
S1-552909665	Harris Health Center Inc.	6000 Camelback Road, Unit 5066, Phoenix, AZ	US	single_1	US__single_1
S1-298646564	Zar Academy Private Limited	Ram-Krishna, Co-Operative Society, Near Durga Chowk, No. 20, Gorewada, Maharashtra, Nagpur	India	multi_2_3	India__multi_2_3
S1-827663947	Mangalam Transformation Pvt. Ltd.	Block No. 172, Prashil Park Opp. Neels City Club, University Road, Rajkot, Gujarat	India	multi_4_plus	India__multi_4_plus
S1-605310063	Vantan Aktiengesellschaft L.L.C.	795 Birch Drive, Twin Lakes, CO	US	multi_2_3	US__multi_2_3
S1-711682948	Catherine Nesbit Industries LLC	2 Stonegate Court, Fairfield, OH	US	multi_4_plus	US__multi_4_plus
S1-697463198	Banwari (India) Marketing Pvt. Ltd.	Flat No. 3C, The Tounne House, No. 6 Haudin Road, Shivanchetty Garden Po, Ulsoor, Bangalore North, Bangalore, Karnataka	India	multi_2_3	India__multi_2_3
S1-921132185	Marci Doan Intelligent LLC	388 Maple Leaf Drive, Millers Creek, NC	US	multi_2_3	US__multi_2_3
S1-198144608	Miller, Rafaela, D.O., P.C. LLC	4122 Mullen Road, Middlesex, NC	US	multi_4_plus	US__multi_4_plus
S1-61924925	Ballard & Franklin LP	11130 Preserve Boulevard, Whitehouse, OH	US	multi_2_3	US__multi_2_3
S1-227906598	AUX Fields Inc	1072 Cr 38, Tiffin, OH	US	multi_4_plus	US__multi_4_plus
S1-452989824	Nireo PLLC	41 A Maryland Street, Huntington, NY	US	multi_4_plus	US__multi_4_plus
S1-541922107	Pune City Research Limited	Office No10 2Nd Fl Karnik, Heritage Near Vinustrader, Pune City, Pune, Maharashtra	India	multi_4_plus	India__multi_4_plus
S1-979861888	Hbs Trading Private Limited	Unit No. 231 Tower B3, Space I Tech Park Sec 49, Sadar Bazar, Gurgaon, Haryana	India	multi_2_3	India__multi_2_3
S1-753495835	Orbic Indigo	1779 Mill Lane, Millcreek, UT	US	multi_2_3	US__multi_2_3
S1-964968524	Carita Astor Information	5401 Botetourt Road, Botetourt County, VA	US	multi_2_3	US__multi_2_3
S1-49676790	New Delhi Realtors LLP	New Delhi, E-61 Block-E First Floor, Delhi, Gurunanakpura, Jail Raod, West Delhi	India	multi_4_plus	India__multi_4_plus
S1-556942337	Pascua Dpc	180 Hilton Avenue, Unit Apartment B9, Hempstead, NY	US	multi_4_plus	US__multi_4_plus
S1-394189267	Labs Agro	Flatno-A2-1305, Majestique, Mrugavarsha, Sr No-118, Haveli, Pune, Maharashtra	India	multi_4_plus	India__multi_4_plus
S1-811888279	Ritam Foundation Private Limited	C/1902, Sparkling Wing, Vaishali Nagar, Dahisar E, Dahisar East, Mumbai, Maharashtra	India	multi_4_plus	India__multi_4_plus
S1-87438365	Sunshine Irrigation	Bangalore, 288/D New No.43, Bangalore South, 5Th Block Jayanagar, Karnataka	India	multi_4_plus	India__multi_4_plus
S1-242797708	Universal Logistics Limited	Supath-Ii, Opp Wadaj Bus Terminal, Nr Union Bank Of India, Usmanpura, Ashram Road, Ahmedabad, 102-E, Gujarat, Ahmadabad City	India	multi_4_plus	India__multi_4_plus
S1-95767832	Hotel Consultants Limited	45, Chamiers Road Raja Annamalai Puram, Chennai, Tamil Nadu	India	multi_4_plus	India__multi_4_plus
S1-224872480	Jaipur Real Private Limited	78, West Part, Jda Scheme Getor, Jagatpura, Jaipur, Rajsamand, Rajasthan	India	multi_4_plus	India__multi_4_plus
S1-193678413	Alliance Durga Private Limited	Flat No. 15 A, Plot No. B-9/8 P.D.I.L Appartment, Sector-62, Noida, Gautam Buddha Nagar, Uttar Pradesh	India	multi_2_3	India__multi_2_3
S1-488681298	Pune Global Private Limited	A W H O Salunke Vihar, Bldg No K-4 Flat 14, Pune, Kondhwa, Pune, Maharashtra	India	multi_4_plus	India__multi_4_plus
S1-174416924	Raj Healthcare Private Limited	Divyasree Chambers, A Wing, Ii Floor, Langford Road Bangalore, Bangalore, Karnataka	India	multi_2_3	India__multi_2_3
S1-373915708	New Technologies Private Limited	Opp Avtar Hotelisanpur, Ahmedabad, Gujarat	India	multi_2_3	India__multi_2_3
S1-697155455	Electro Cafes LLP	Flat No.S-8, Kh. No.109, Vyankatesh City Shirur Road, Butibori, Nagpur, Maharashtra	India	multi_4_plus	India__multi_4_plus
S1-393141868	Holy Emanuel	147 Mary Max Circle, San Marcos, TX	US	multi_2_3	US__multi_2_3
S1-748597606	Interstate Studios	2502 Barkwood Drive, Austin, TX	US	multi_4_plus	US__multi_4_plus
S1-16735368	Behrens Future Inc	1113 Blue Ridge Drive, Pittsylvania County, VA	US	multi_4_plus	US__multi_4_plus
S1-369622247	Pagan, Riker & Mauser Insurance, LLC	AL, 362 Long Branch Road, Geneva	US	multi_2_3	US__multi_2_3
S1-598367464	Pediatric Dental Unified Center Associates	N9323 North Road, Town Of Ixonia, WI	US	multi_2_3	US__multi_2_3
S1-584499457	Tucker Heritage Restaurant LLC	4777 Casey Lane, Phoenix, AZ	US	multi_2_3	US__multi_2_3
S1-820935401	Research (India) Bengal Private Limited	G-244, Vikas Nagar Colony, Near Ketan Hospital Barga, Gorakhpur Sadar, Gorakhpur, Uttar Pradesh	India	multi_4_plus	India__multi_4_plus
S1-127186532	Orthopedic Atlantic Care Associates Inc	1121 Cove Hollow Road, Buchanan County, VA	US	multi_4_plus	US__multi_4_plus
S1-897356200	Summit Initiative	Dry Ridge, 7780 Napoleon Zion Station Road, KY	US	multi_4_plus	US__multi_4_plus
S1-552949765	Poulos Usa LLC	VA, Prince Edward County, 2106 Hidden Lake Rd	US	multi_2_3	US__multi_2_3
S1-816742329	Supreme Infra Private Limited	Khata No- 60, Parmanandpur, Near Mai Asthan, Gobarsahi-Ladaura Road, Mushari, Muzaffarpur, Bihar	India	multi_4_plus	India__multi_4_plus
S1-936671047	Dynamic Colonial Physical Therapy Inc	398 Christiana River Drive, Clayton, DE	US	single_1	US__single_1
S1-112916607	Lynn, Riley and Burns LLC	PA, 5009 Richmond Road, Grant	US	multi_2_3	US__multi_2_3
S1-549612411	Loex Maritime PC	Philipsburg, Unit CARRIAGE HSE - APT C, 51 Rocking J Ranch Lane, MT	US	multi_4_plus	US__multi_4_plus
S1-330602939	Bright Producer Private Limited	K-12, Fine Home Apartments Mayur Vihar Phase - I, Delhi	India	multi_4_plus	India__multi_4_plus
S1-709719801	Desert Program	4208 Ladybug Paseo, Ontario, CA	US	multi_4_plus	US__multi_4_plus
S1-495057150	Horton Medical Center Corp	835 Blooming Grove Turnpike, Unit Apartment 173, New Windsor, NY	US	singleton_0	US__singleton_0
S1-340642581	Appolo Shree Private Limited	Mumbai, Office No. 10, Maharashtra, Mumbai, Friends Union Premises Floor 2, Plot-227, Mashqure Building, P D Mello Road, Fort	India	multi_2_3	India__multi_2_3
S1-131435224	Asrani Consultancy Pvt. Ltd.	Pune, J-150, Pune, Maharashtra, M.I.D.C. Bhosari	India	multi_4_plus	India__multi_4_plus
S1-123067808	Hyderabad Traders Pvt Ltd	Plot No: 983, Ground Floor, Near Cgr International School, Ayyappa Society, Madhapur, Hyderabad, Telangana	India	multi_4_plus	India__multi_4_plus
S1-574607489	Piedmont Institute of Technology Inc	504 Seven Peaks Boulevard, Provo, UT	US	multi_2_3	US__multi_2_3
S1-709588917	Rodriguez Interactive Inc	MN, 28748 69, Bovey	US	multi_4_plus	US__multi_4_plus
S1-700660514	Fionna Radke Rain	14518 Chicago Road, Dolton, IL	US	singleton_0	US__singleton_0
S1-642614448	Orbial Copley Inc.	315 Wentworth Circle, Mebane, NC	US	multi_2_3	US__multi_2_3
S1-442719494	Kolkata Power Private Limited	10/2/A, Abinash Mitra Lane, Kolkata, Kolkata, Howrah, West Bengal	India	multi_2_3	India__multi_2_3
S1-333216393	Halcari Reserve LLC	214 Willowbrook Drive, West Norriton Township, PA	US	multi_4_plus	US__multi_4_plus
S1-880463672	Karrah Kircher Eaton L.L.C.	1008 14th Street, Austin, TX	US	multi_2_3	US__multi_2_3
S1-5040641	#Beva Sim LLC	109 Manor Way, Unit G, Louisville, TN	US	multi_2_3	US__multi_2_3
S1-879604339	Steelworkers Local Union 675	1891 Kentwell Road, Columbus, OH	US	multi_4_plus	US__multi_4_plus
S1-596951959	Inland & Brothers Pvt Ltd	19-B-2, Gali No-30, Block F, Madhu Vihar, Delhi, East Delhi, Delhi	India	multi_4_plus	India__multi_4_plus
S1-281358865	Gomes Fisheries, LLC	323 Washington Avenue, Danville, IL	US	multi_4_plus	US__multi_4_plus
S1-734359921	Y & A Hotel	415 Dedham Street, Unit A, Newton, MA	US	multi_4_plus	US__multi_4_plus
S1-151641951	Apex Developers	S No. 130/132 Roseland Ph- Ii Pim. Saudagar, Rh No. B/15, Pune, Maharashtra	India	multi_2_3	India__multi_2_3
S1-48182052	Innovative All Fidelity, LLC	50 Nelson Avenue, Jacksonville, Fl 4th Floor, AL	US	multi_4_plus	US__multi_4_plus
S1-862530778	Ironclad LLC	114 Ferrell Avenue, Ashland, OH	US	multi_4_plus	US__multi_4_plus
S1-517399849	Raunak (manufacturing) (India) Private Limited	1St Floor, 12Th Main, Msr Enclave, Bangalore North, Karnataka, No.502, Bangalore	India	single_1	India__single_1
S1-681814598	Vision Global Pvt Ltd	Office No. 130, 1St Floor, Lodha Supremus Ii, Road No. 22, Wagle Estate, Thane, Maharashtra	India	singleton_0	India__singleton_0
S1-311884968	DW Alpex PC	5215 Mason Drive, Indianapolis, IN	US	single_1	US__single_1
S1-99155755	Liberty Regional Ares	6126 Presidio Street, AZ, Mesa	US	multi_4_plus	US__multi_4_plus
S1-443766375	American All Valuence	AR, 2225 Belt Street, Jonesboro, Unit Unit B	US	multi_2_3	US__multi_2_3
S1-668842064	Aviate Educational Society Corporation	14/247, Reg No. 760/89, Chalakkulam Near Kottappuram Toll Junction, Kottapuram, Thrissur, Kerala	India	multi_4_plus	India__multi_4_plus
S1-596426035	Memorial Program	6538 Heather Drive, Lockport, NY	US	multi_2_3	US__multi_2_3
S1-879772081	Shreeram Group	G 30 B A 2 Block Dda Community Center Rajendra Mahavira T, Ower, Delhi, West Delhi, Delhi	India	multi_4_plus	India__multi_4_plus
S1-916678314	Synergistic Brothers Private Limited	Old No.14, New No.27Neelankanta Mehta Street T Nagar, Chennai, Tamil Nadu	India	multi_4_plus	India__multi_4_plus
S1-771813478	Osprey LLC	4886 4460, Kearns, UT	US	single_1	US__single_1
S1-847987931	American Classic Hovnanian Inc	19207 Spring Orchard Court, Richmond, TX	US	multi_4_plus	US__multi_4_plus
S1-209387469	Terabyte Services (India) Private Limited	C/O Manveer, Village Harola, Noida, Gautam Buddha Nagar, Uttar Pradesh	India	single_1	India__single_1
S1-406779795	Boyer Summit	Corolla, NC, 1646 Ocean Pearl Road	US	multi_2_3	US__multi_2_3
S1-738693243	LHB Interiors Pvt Ltd	No.12, Prem Nagar, Sewanagar, Gwalior, Madhya Pradesh	India	multi_4_plus	India__multi_4_plus
S1-970434979	Bernier, Meraz and Willms LLC	2824 Stonehenge Drive, Sierra Vista, AZ	US	multi_4_plus	US__multi_4_plus
S1-820210423	Firefighters Local Union 127	122 State Street, Ithaca, NY	US	multi_4_plus	US__multi_4_plus
S1-663434335	Merrielle Welch Precious LP	MA, 185 Freeman Street, Brookline, Unit 749	US	multi_2_3	US__multi_2_3
S1-266358212	Tramel Holding Company LLC	20415 Legend Trail, Buckeye, AZ	US	multi_4_plus	US__multi_4_plus
S1-216511119	Surya Energy Private Limited	Nagar Jaipur, Hans Marg, C-252-A, Malviya Nagar, Rajasthan	India	multi_4_plus	India__multi_4_plus
S1-942039165	Big Life Agro Private Limited	Flat No. 3405, 34Th Floor, Wing A3, Oberoi Springs (Excel Indus), Off Link Road, Andheri We, St, Mumbai, Mumbai City, Maharashtra	India	multi_4_plus	India__multi_4_plus
S1-371680181	Heda's Advanced Specialists	IN, Bloomington, 3302 Windcrest Drive	US	multi_2_3	US__multi_2_3
S1-42637588	Blue Perimeter	1137 Glenn Avenue, Springfield, MO	US	multi_2_3	US__multi_2_3
S1-496261785	Direct Talent Dynamics	1434 Mill Road, Binghamton, NY	US	multi_4_plus	US__multi_4_plus
S1-315784075	Banson Group	Xxi/152, Corrazone Panadans, Cochin University P O, Kalamassery, Ernakulam, Kerala	India	multi_2_3	India__multi_2_3
S1-517900514	Precision Processing Inc	163 Kenwood Lane, Harpers Ferry, WV	US	multi_2_3	US__multi_2_3
S1-238511000	Miller, Cathers & Silverman	Woodburn, 4502 Center Street, IN	US	multi_4_plus	US__multi_4_plus
S1-895638794	Manibhadra Consulting Pvt. Ltd.	No V, Icf Colony, 4Th Scheme, Dinesh Nagar, Ambattur, Tiruvallur, Tamil Nadu	India	multi_2_3	India__multi_2_3
S1-617557134	Automated Genomic Collective, LLC	469 Hales Bar Road, Guild, TN	US	multi_2_3	US__multi_2_3
S1-422172852	Physical Therapy Group	164 Coolidge Street, Swan, IA	US	multi_2_3	US__multi_2_3
S1-511869185	CIN Bureau LLP	No. 37-1-B, Farah Manor Millers Road, Benson Town, Bangalore, Karnataka	India	multi_2_3	India__multi_2_3
S1-488759532	Shakti Healthcare Private Limited	16/44 A Pandans Plaza, Arimbur Eravu P O, Thrissur, Kerala	India	multi_4_plus	India__multi_4_plus
S1-879406159	Sai Dyestuffs Private Limited	144, Thambu Chetty Street, 2Nd Floor, Rama Rau Building, Chennai, Tamil Nadu	India	multi_2_3	India__multi_2_3
S1-895755712	Ear Nose & Throat Global Associates LLC	10686 79, Springville, TN	US	multi_4_plus	US__multi_4_plus
S1-340040965	304 Market Road Management Inc.	4920 Bank Street, Baton Rouge City, LA	US	multi_4_plus	US__multi_4_plus
S1-909842346	UW Insurance Pvt Ltd	C/O Naganna No 124, Jayalakshmipuram, Mysore, Karnataka	India	multi_4_plus	India__multi_4_plus
S1-664132573	Advance Coordinators Private Limited	1025E, Rajrooppur, Ops Nagar, Allahabad, Uttar Pradesh	India	multi_2_3	India__multi_2_3
S1-525055772	Summit Network	8313 Sweet Cherry Lane, Laurel, MD	US	multi_2_3	US__multi_2_3
S1-847149133	GPT Micro LLC	1951 Virginia Avenue, Bluefield Town, VA	US	multi_4_plus	US__multi_4_plus
S1-5374073	Lenz and Young	82 Inwood Road, Wallkill, NY	US	multi_2_3	US__multi_2_3
S1-898449101	Arihant Trading LLP	Shop No.1 Ground Floor, Atta Market Noida, Gautam Buddha Nagar, Uttar Pradesh, Noida	India	multi_4_plus	India__multi_4_plus
S1-179904554	Bozeman, Ortman & Nichols Verde Inc.	312 Main Street, Stockport, IA	US	multi_2_3	US__multi_2_3
S1-723504803	Rajshakti Nursing Home	C-706, Pandu Hari Enclave, Gaondevi Mandir, Tisgaon, Kalyan, Thane, Maharashtra	India	single_1	India__single_1
S1-585532131	Tech Power Private Limited	Amar Co-Op Hsg. Soc Plot, No-39 Flat No-4 Ninad Apt, Pune City, Pune, Maharashtra	India	multi_4_plus	India__multi_4_plus
S1-10458491	Cosentino Lifeco Inc	1906 5th Street, Winthrop Harbor, IL	US	multi_2_3	US__multi_2_3
S1-618228081	Brown Crystal Currencyshares Inc	1301 Trents Ferry Road, Lynchburg City, VA	US	multi_4_plus	US__multi_4_plus
S1-933591011	Unified Industrial Union, Inc	7701 Main Street, Frisco, TX	US	multi_4_plus	US__multi_4_plus
S1-658915198	Mangla Tech Limited	Xiii/73, First Floor, Mariyan Tower, Thodupuzha, Idukki, Kerala	India	multi_4_plus	India__multi_4_plus
S1-507659762	Burrows Atlantic Star Corp	NC, 405 Lennington Lane, Washington	US	multi_2_3	US__multi_2_3
S1-174847023	Burns Wireless LLC	157 Orange Street, Albany, NY	US	multi_2_3	US__multi_2_3
S1-860255249	Jay Shree It Private Limited	Plotno-190 A, Kh No-5/15 Deepak Vihar, Najafgarh Near Pp No -Njf D-010, New Delhi, South West Delhi, Delhi	India	multi_4_plus	India__multi_4_plus
S1-238363404	Electronic Creative Partners Inc	2705 Ironwood Street, Cuyahoga Falls, OH	US	single_1	US__single_1
S1-61221859	Southern Power Private Limited	No 132/9 Keerapappampady, Village, Alagusamudram, Salem, Tamil Nadu	India	multi_2_3	India__multi_2_3
S1-860351023	Synlois Partners	26 Westover Circle, Wilmington, DE	US	multi_4_plus	US__multi_4_plus
S1-166414878	Caterina Sutherland Kgaa	16743 Merrill Avenue, South Holland, IL	US	multi_4_plus	US__multi_4_plus
S1-705978737	Atlas Fargo L.L.C.	222 100, Provo, UT	US	multi_4_plus	US__multi_4_plus
S1-667378442	Bright Marine Systems LLC	2357 Putnam Lane, Fl 0, Crofton, MD	US	multi_4_plus	US__multi_4_plus
S1-997225529	Ss It Limited	1, Yashodhan Apartments, Near Bapu Bunglow Wadala Pathardi Road, Indira Nagar, Nashik, Maharashtra	India	singleton_0	India__singleton_0
S1-840744146	Covenant Cause Pvt Ltd	Flat No 4 Marble Arch A Bldgs No 55/2/2/1 Aundh Gk Road Pune, Pune City, Pune, Maharashtra	India	multi_4_plus	India__multi_4_plus
S1-423446821	Street, Ollie G., D.O., PC	1732 Vicki Lane, Mendota Heights, MN	US	multi_4_plus	US__multi_4_plus
S1-629223907	Costantino, Frayda P., DDS	1674 500, Lehi, UT	US	single_1	US__single_1
S1-899641991	Broussard, Cally G., CPA, PC	Gardendale, 217 Kyle Court, AL	US	multi_4_plus	US__multi_4_plus
S1-799213255	Hudnall and Westmoreland Chemical Inc	90 Harrison Road, North Branford, CT	US	multi_2_3	US__multi_2_3
S1-720173062	Maurita's Crystal Wellness Inc	20198 Brookview Square, Loudoun County, VA	US	multi_2_3	US__multi_2_3
S1-534578459	Behavioral Health Integrated Partners Corp	128 Park Drive, Birmingham, AL	US	multi_2_3	US__multi_2_3
S1-147608482	Mahalaxmi & Brothers Private Limited	10-11 B, Shiv Shakti Nagar Kanadia Road, Indore, Madhya Pradesh	India	multi_2_3	India__multi_2_3
S1-74078444	East Harbor Usa LLC	822 Crittenden Street, Washington, DC	US	multi_2_3	US__multi_2_3
S1-761253228	Optimal Chemical Alliance Inc	9376 Rockhurst Street, Bldg D, Highlands Ranch, CO	US	multi_2_3	US__multi_2_3
S1-416496812	Westman Choice Rre Inc	58 Robbins Street, Unit 2R, Waltham, MA	US	multi_4_plus	US__multi_4_plus
S1-992386675	Devora Global Private Limited	Ward 24, Sarvodaya Nagar, Crp Road, Talaspur Kalan, Aligarh, Uttar Pradesh	India	singleton_0	India__singleton_0
S1-174647865	Nagori Realcon Pvt Ltd	Shop No. 110, Wing-1, Rajat Plaza Nagpur Urban Nagpur Mcorp, Nagpur, Maharashtra	India	multi_4_plus	India__multi_4_plus
S1-764993784	Slate, LLC	NY, Saint Albans, 200-02 116 Avenue	US	multi_2_3	US__multi_2_3
S1-654698238	SG Malt	14586 Clearbrook Drive, Chino Hills, CA	US	multi_2_3	US__multi_2_3
S1-749958171	A Ace Evo LLC	425 Longmeadow Road, Unit Apartment B, Amherst, NY	US	singleton_0	US__singleton_0
S1-581981395	Better Renaissancere LLC	IL, Waukegan, 1603 Berwick Boulevard, Unit APARTMENT 3A	US	multi_2_3	US__multi_2_3
S1-177545401	Williams Ethereum PLLC	210 13th Street, Mannsville, OK	US	multi_4_plus	US__multi_4_plus
S1-435014958	Vision Safe Care Inc	10 Wakefield Avenue, Flower Hill, NY	US	multi_2_3	US__multi_2_3
S1-460213830	Vanguard Cloud Union	28 Meadows Lane, Riddleton, TN	US	multi_4_plus	US__multi_4_plus
S1-799245317	Perez & Garver Inc.	3325 Tourmaline Drive, Murfreesboro, TN	US	multi_2_3	US__multi_2_3
S1-421452337	GDW Nova LLC	UT, St George City, 39 Crimson Circle	US	multi_4_plus	US__multi_4_plus
S1-901174338	United Global Private Limited	Hno D55/1, Tf Fateh Nagar, N.D. 18 West Delhi, New Delhi, West Delhi, Delhi	India	multi_4_plus	India__multi_4_plus
S1-904543740	Technology Ambition Real Private Limited	501/Bldg 7, Sonam Madhuban Chs Ltd, Mira Bhayander Road, New Goldennest Complex, Thane, Maharashtra	India	multi_4_plus	India__multi_4_plus
S1-309924975	Tabatha's Consulting Inc	Rhododendron, OR, 21510 Hideaway Lane	US	multi_4_plus	US__multi_4_plus
S1-373103483	James Partners LLC	3298 146th Street, Cleveland, OH	US	singleton_0	US__singleton_0
S1-298911800	Mella Herrera, CPA of Los Alamos	341 Cheryl Court, Los Alamos, NM	US	multi_2_3	US__multi_2_3
S1-848779009	Global Technology Pvt Ltd	19/5, Srinivasa Colony, Ulavar Santhai Back Side, Suramangalam Post, Salem, Tamil Nadu	India	multi_2_3	India__multi_2_3
S1-490748403	Pioneer Care Private Limited	R-24 Rita Block, Shakarpur, New Delhi, Delhi	India	multi_4_plus	India__multi_4_plus
S1-736167252	Kennedy Holdings	17531 Daleview Drive, Lakewood, OH	US	multi_4_plus	US__multi_4_plus
S1-469858503	Melton, Shafer and Graham Battery Inc	739 3rd Street, Plainville, IN	US	multi_4_plus	US__multi_4_plus
S1-60467532	Arroyo Mercator PC	2623 Wayside Court, Warsaw, IN	US	multi_4_plus	US__multi_4_plus
S1-740137997	Galaxy Food	H. No. 19561, Tikamgarh, Madhya Pradesh, Shivnagar Colony, Tikamgarh	India	multi_2_3	India__multi_2_3
S1-574570086	Bharat Investment Private Limited	Sector-16 Rohini, North West Delhi, Delhi, D-1/20 Shop No. 4	India	multi_2_3	India__multi_2_3
S1-804387259	Legacy Planet LLC	5861 River Road, Tucson, AZ	US	multi_2_3	US__multi_2_3
S1-559466350	Pacific Project	8020 Arco Corporate Drive, Raleigh, Unit 208, NC	US	multi_4_plus	US__multi_4_plus
S1-308102508	Rolinsoft International, Inc	103 Hamilton Court, Martinsburg, WV	US	multi_2_3	US__multi_2_3
S1-231333568	Great Institute	3701 Atlantic Street, Spokane, WA	US	multi_2_3	US__multi_2_3
S1-773485282	Hoffman Smart LLC	10 Hankin Loop, Poughkeepsie, NY	US	multi_2_3	US__multi_2_3
S1-344399078	Garcia, Morris & Marshall Entergy	4571 Benoit Drive, Memphis, TN	US	single_1	US__single_1
S1-36484584	Mumbai India Private Limited	Plot No. 135, Marol Co-Operative Industrial Estate Andheri East, Mumbai, Mumbai City, Maharashtra	India	multi_4_plus	India__multi_4_plus
S1-26989708	Innovative Food Private Limited	E-57A, Sector-63, Noida, Ghaziabad, Uttar Pradesh	India	multi_4_plus	India__multi_4_plus
S1-30238339	Bucher Integrated Enterprises Center	307 Haigler Drive, AZ, Payson	US	multi_4_plus	US__multi_4_plus
S1-279422519	Pham Metro Cslm	24 Sullivan Farm, New Milford, CT	US	multi_4_plus	US__multi_4_plus
S1-37473034	Gillan Rogers Collective LLC	138 5th Street, Fl 11330, City Of Blair, WI	US	multi_2_3	US__multi_2_3
S1-392115560	American Initiative	42023 Glade Creek Terrace, Loudoun County, VA	US	multi_4_plus	US__multi_4_plus
S1-635695385	Urban Classic Healthcare Private Limited	1/1 Ishan Recy. Lbs Road, Navi Peth Petrol Pump Beh., Pune, Maharashtra	India	multi_4_plus	India__multi_4_plus
S1-92899473	Morgan Green Total LLC	60817 Taralon Place, Bend, OR	US	multi_4_plus	US__multi_4_plus
S1-366279397	Lakshmi Systems Private Limited	Old No.4/222, New No.14/118, Gangai Amman Koil Street, Periya Koluthuv, Ancherri, Iyyappanthangal, Chennai, Tamil Nadu	India	multi_2_3	India__multi_2_3
S1-878398790	Stone Renatus Group	1465 Navajo Road, Bldg BUILDING, Coalville, UT	US	single_1	US__single_1
S1-861080601	Phase -I Consultancy Private Limited	C-501, Rosewood Appartments, Mayur Vihar, Phase -I, Delhi	India	multi_2_3	India__multi_2_3
S1-633523724	Asset Building Center	991 100, Richfield City, UT	US	multi_4_plus	US__multi_4_plus
S1-725440288	Roe Cardiology	1253 Glenstone Place, Moody, AL	US	multi_4_plus	US__multi_4_plus
S1-882271938	Pratiksha Technologies	B605 Shree Ganesh Vaibhav Chs Ltd Ganesh Ngr Charkop Market Rd Kandivali West, Mumbai, Mumbai City, Maharashtra	India	multi_2_3	India__multi_2_3
S1-88526085	Aryan (India) Marketing Mumbai Private Limited	Flat No. 104, Bldg-2A, Apnaghar Chs Ltd. Saibaba Nagar, Teligalli, Saiwadi, Andhe, Ri (East), Mumbai, Maharashtra	India	multi_4_plus	India__multi_4_plus
S1-909825022	Bay Ministries	7276 Trotter Lane, Unit 12/B, Mentor, OH	US	singleton_0	US__singleton_0
S1-456782592	Nj Express Private Limited	A-001, Bldg A-14, Varsha, Chs Ltd, A.K Vaidya Marg, Goregaon East, Mumbai, Maharashtra	India	multi_2_3	India__multi_2_3
S1-100469150	Basera Karnataka Public Limited	Shop No.232, 2Nd Floor, Plot No1025 B, Ashish Industrial Estate, Gokhale Road, South, Mumbai, Mumbai City, Maharashtra	India	single_1	India__single_1
S1-362288871	Doon Academy	Shop No. 70, Jaipur, Rajasthan, Ground Floor, Sunny Mart New Atish Market, Mansarovar	India	singleton_0	India__singleton_0
S1-458076403	North Infrastructure Private Limited	D.No.8-1-97/1/8, Level 4, Block-B, Ninitaas High'S Pedawaltair, Vishakhapatnam, Andhra Pradesh	India	single_1	India__single_1
S1-105063663	Fortune Technologies Private Limited	No. 91/4, 102/3, Veeranna Palya, Nagawara Ring Rroad, Opp To Bel Corporat, Ion Office, Bangalore, Karnataka	India	multi_2_3	India__multi_2_3
S1-166332747	Orthopedic Cascade Clinic LLC	11203 Lynette Court, Spotsylvania County, VA	US	multi_4_plus	US__multi_4_plus
S1-231773478	PFO Hr Private Limited	Flat No. 701 Vardhaman Nagar Chs Ltd R. P. Road, Mulund West, Mumbai, Mumbai City, Maharashtra	India	multi_4_plus	India__multi_4_plus
S1-20925783	Msv Consulting Private Limited	1001, Awesome Heights Chs Ltd, Off Military Road, Next To Tata Recieving Centre, Andheri, (East), Mumbai, Mumbai City, Maharashtra	India	singleton_0	India__singleton_0
S1-932579262	Tirupati Impex Private Limited	1202 Kritika Towers11 Sion Trombay Rd Nr R K Studio Chembur, Mumbai, Maharashtra	India	multi_2_3	India__multi_2_3
S1-504605451	Future Industries	Kachchh, Bhuj, Survey No. 679, Gujarat	India	single_1	India__single_1
S1-437250458	Owens & Huffman Medical LLC	21 Fleetwood Drive, Danbury, CT	US	multi_2_3	US__multi_2_3
S1-896341705	First Cathedral Partners	4697 Carolina Avenue, Marion County, OR	US	multi_4_plus	US__multi_4_plus
S1-823604059	TDE Legacy Wave LLC	9043 Goosander Way, Highlands Ranch, CO	US	multi_4_plus	US__multi_4_plus
S1-46788147	Oreilly & Scott Light PC	1120 14th Street, Kansas City, KS	US	single_1	US__single_1
S1-467154035	Total Payroll Concepts Center	1614 Stream Valley Overlook, Severn, MD, Fl 0	US	single_1	US__single_1
S1-793357478	Ventures Csa Tutorials	Beed, H No.1-7-612, Above Hayat Hospital, 2Nd Floor, Kausar Plaza, Bashir Ganj, Bid, Maharashtra	India	multi_4_plus	India__multi_4_plus
S1-798087364	All Developers Private Limited	B 108, Sobha Opal, 39Th Cross, 4Th T Block Jayanagar, Bangalore, Karnataka	India	multi_4_plus	India__multi_4_plus
S1-503134296	Fresh Massage	112 Roberts Street, Dothan, AL	US	multi_4_plus	US__multi_4_plus
S1-778998051	Corner Tavern LLC	1501 46th Place, Lubbock, TX	US	multi_2_3	US__multi_2_3
S1-959145551	Aggregate Foundation	Bihar, Patna, R. L. Vatika, Salimpur Ahra, Kadam Kuan, A/405	India	multi_4_plus	India__multi_4_plus
S1-596743118	Harbor Guild	35 Lincoln Street, Lewiston, MN	US	multi_4_plus	US__multi_4_plus
S1-724753988	Bright Energy Brands LLC	207 North Street, Columbia, AL	US	singleton_0	US__singleton_0
S1-302643182	Dominic Servicesprivate (India) Private Limited	Srinarayan Campus, Myorepur, Sonbhadra, Mirzapur, Sonbhadra, Uttar Pradesh	India	single_1	India__single_1
S1-251987303	Matty's Atlantic Deli	617 Mariway Road, Unit LOT 43, Indianapolis, IN	US	multi_2_3	US__multi_2_3
S1-129060934	Solis Great Manulife of Wappinger Inc	510 Maloney Road, Unit Apartment F7, Wappinger, NY	US	multi_4_plus	US__multi_4_plus
S1-922564815	Advanced Complete Box LLC	7316 Wileyvale Road, Houston, TX	US	multi_4_plus	US__multi_4_plus
S1-516898227	Seven Products Limited	86, Baruin Ghazipur, Zamania, Ghazipur, Uttar Pradesh	India	multi_4_plus	India__multi_4_plus
S1-116189838	Disoft Hawaii	Fayetteville, 5304 Sonnet Court, NC	US	multi_2_3	US__multi_2_3
S1-835962243	Integrated Broadcast Concepts, Inc	303 Dewey Street, City Of Wilson, NC	US	singleton_0	US__singleton_0
S1-206177417	Banyan Learning Pvt Ltd	Wz-142, South Delhi, First Floor, Naraina Ring Road, Naraina Village, Delhi, New Delhi	India	multi_2_3	India__multi_2_3
S1-177088763	Batten, Adella, CPA	90 Meadow Lane, Lawrence, NY	US	multi_2_3	US__multi_2_3
S1-965930219	Roby Wood Complete Spa, Inc	3126 130, Charleston, IL	US	multi_2_3	US__multi_2_3
S1-284327334	Pure Enviro Private Limited	No. 264, Shed No. 3, Bommasandra Industrial Area Hosur Road, Bangalore, Karnataka	India	multi_4_plus	India__multi_4_plus
S1-443318138	Al Finance Private Limited	Mistry Chawl, Kokonipada, S N Dube Road, Dahisar East, Mumbai, Mumbai City, Maharashtra	India	single_1	India__single_1
S1-438047370	Saidee Arora Bright Currencyshares Inc	3417 Oxford Street, Midlothian, TX	US	multi_4_plus	US__multi_4_plus
S1-786303179	S & X Consulting-Foley	3151 De Sevilla, Unit Unit 504, Foley, AL	US	multi_4_plus	US__multi_4_plus
S1-809551367	On Brothers Pvt. Ltd.	144 Near Akr Parcel Service Pollachi, Coimbatore, Tamil Nadu	India	multi_4_plus	India__multi_4_plus
S1-94578048	Julianna Ortiz Best Metal LLC	4257 Hopewell Street, North Richland Hills, TX	US	multi_4_plus	US__multi_4_plus
S1-526343825	Sai It Private Limited	8/39, Ground Floor, Tower, F, Kirti Nagar, Indl Area, New Delhi, West Delhi, Delhi	India	multi_4_plus	India__multi_4_plus
S1-393919545	Pediatric Clinic Inc	4648 Gettysburg Battle Street, Battlefield, MO	US	multi_2_3	US__multi_2_3
S1-431066484	Popp Modern Earths LLC	3223 Houston Road, Waynesville, OH	US	multi_2_3	US__multi_2_3
S1-847779010	#6 Johnson LP	1491 Indian Trail, San Bernardino, CA	US	multi_2_3	US__multi_2_3
S1-485705456	Sheppard Dental Associates	1010 Elmgrove Court, Keller, TX	US	single_1	US__single_1
S1-185349777	Aditya Investments Limited	Survey No 745/1/2Talegaon Dabhade Mumbai Pune Rd, Pune, Maharashtra	India	multi_2_3	India__multi_2_3
S1-805535132	Bombay Ss Hospitality Pvt Ltd	C/O Sukhbir Singh, Huda, Sector-34 Village Shahpur, Ambala, Haryana	India	multi_4_plus	India__multi_4_plus
S1-128070848	Naraque Equitable LLC	13328 Hargrove Road, Cottondale, AL	US	multi_4_plus	US__multi_4_plus
S1-955330970	Do, Samara M., Esq.	1409 Tartan Lane, Hampton City, VA	US	multi_4_plus	US__multi_4_plus
S1-953955613	CD Ftai, Inc	518 Washington Avenue, Venice, IL	US	multi_2_3	US__multi_2_3
S1-351117527	HZJ Entertainment Private Limited	Jaipur, Rajasthan, Jaipur, 81 E Hanuman Nagar Extn Janak Marg, Sirsi Road Jhotwara Jaipur	India	multi_2_3	India__multi_2_3
S1-829387900	Aurari Vehicle Inc.	2850 Spencer Road, Hickory, NC	US	single_1	US__single_1
S1-888683149	Corrinne Speight Occupational Therapy Care	18660 Augusta Avenue, Suquamish, WA	US	multi_2_3	US__multi_2_3
S1-414322944	Seventh Traders Private Limited	Plot No.98 Pragatools Colony Pipeline Road Jeedimetla, Hyderabad, Telangana	India	multi_4_plus	India__multi_4_plus
S1-580118356	Spectra Technologies LLP	North Delhi, Block-H, 2Nd Floor, Dsiidc, Narela, Plot No.One Four One Nine, Delhi, New Delhi	India	multi_4_plus	India__multi_4_plus
S1-446912992	Shree Systems Private Limited	No.D- 104, Purna Park, Cox Town, Bangalore, Karnataka	India	multi_2_3	India__multi_2_3
S1-14229676	Suncity Infra Private Limited	Bangalore North, Hd-043, Karnataka, Wework Salarpuria Magnificia, Tin Factory, 78, Old Madras Road, Mahadevapura, Next To K.R.Puram, Bangalore	India	multi_4_plus	India__multi_4_plus
S1-955089737	Miller Global Crumrine Inc.	3668 Whitman Ave, Marion, IA	US	singleton_0	US__singleton_0
S1-694106476	Silver Hair Studio	6802 Old Bastrop Highway, San Marcos, TX	US	multi_4_plus	US__multi_4_plus
S1-906595904	Prudence Solomon Integrated Ave, Inc	15426 Chap Road, Twilight, WV	US	multi_4_plus	US__multi_4_plus
S1-426775049	Burns, Blevins & Bracey, Inc.	7024 Monte Vista Circle, Kingman, AZ	US	multi_2_3	US__multi_2_3
S1-616759470	Happy Bike Shop	1011 Bailard Avenue, Unit 2, Carpinteria, CA	US	multi_2_3	US__multi_2_3
S1-507937064	Lois Castillo Classic Velos	2503 Barrys Bluff Court, Fl 1, Columbia, MO	US	multi_2_3	US__multi_2_3
S1-135594079	Happy Tattoo	48 Lockhart Lane, Lillington, NC	US	multi_4_plus	US__multi_4_plus
S1-467747599	Vantyx Worldwide LLC	W13155 Cork Street Road, Town Of Ripon, WI	US	singleton_0	US__singleton_0
S1-677237251	Corner Yoga	4522 Berkey Southern Road, Berkey, OH	US	singleton_0	US__singleton_0
S1-38895076	Pune City Tech Private Limited	Maharashtra, C/O Apparao Shripatrao, Pune City, Gat No 87 Jyotiba Nagar, Pune	India	multi_2_3	India__multi_2_3
S1-671651678	Bunny Jones Data	5153 St Paul Boulevard, Irondequoit, NY	US	multi_4_plus	US__multi_4_plus
S1-832969377	Patriot Patriot Monte Inc	9945 Tammy Lane, Magnolia, TX	US	multi_4_plus	US__multi_4_plus
S1-205889045	Womens Health Strategic Care Associates	4202 Comanche Street, Pasadena, TX	US	multi_4_plus	US__multi_4_plus
S1-745459024	Vast Schools Private Limited	Plot No-17, Industrial Estate, Bhubaneswar, Khordha, Orissa	India	multi_2_3	India__multi_2_3
S1-130034572	Piedmont Alliance V PC	Weddington, 1224 Willow Oaks Trail, NC	US	multi_2_3	US__multi_2_3
S1-404735129	O G & B Robotics Inc	68 Hungerford Street, Pittsfield, MA	US	multi_2_3	US__multi_2_3
S1-399784604	Poddar Tours Ltd	No.459, First Floor, Freedom Road, Viduthalai Ngr, Kolathur, Kovilambakkam, Chennai, Tamil Nadu	India	multi_4_plus	India__multi_4_plus
S1-560220771	Highland Academy	1141 Altamont Avenue, Rotterdam, NY	US	multi_4_plus	US__multi_4_plus
S1-602043341	Joye Lopez Empire Focus	1121 Pheasant Ridge Street, Unit Apartment C, Watford City, ND	US	multi_4_plus	US__multi_4_plus
S1-30758585	International Finance Private Limited	Flat No A/1103, Cheryl, Sr No 58/2/1A, Pune, Maharashtra	India	multi_4_plus	India__multi_4_plus
S1-492433186	Premier Highland Innovations Inc.	24 Shannon Avenue, West Carrollton, OH	US	multi_2_3	US__multi_2_3
S1-568500325	Shree Technology Private Limited	North West Delhi, Delhi, Plot No. 30, 2Nd Floor, Pkt-16, Sector-24	India	multi_2_3	India__multi_2_3
S1-302954573	Pediatric Dental Specialists LLC	414 Main Street, Collinsville, IL	US	singleton_0	US__singleton_0
S1-697890867	Rich & Wilbert Deutsche	Greenland, AR, 518 Cato Springs Road	US	multi_4_plus	US__multi_4_plus
S1-574245796	Anne-Marie Plunkett Spacsphere L.L.C.	309 Ranlo Avenue, Ranlo, NC	US	multi_2_3	US__multi_2_3
S1-616597454	Professional Health Partners	3321 Veterans Parkway, Clayton, NC	US	multi_2_3	US__multi_2_3
S1-350539444	Shivam Logistics Private Limited	No. M/2 1St Stage, 5Th Cross, Peenya Industrial Area, Peenya, Bangalore, Karnataka	India	multi_4_plus	India__multi_4_plus
S1-403791891	Arleta Hamre, DMD LLC	6063 Country Highland Lane, Mebane, NC	US	multi_4_plus	US__multi_4_plus
S1-122477019	Shree Pharmaceuticals Company	8-2-293/82/A/1270/4F/41, 42, Jsp Jubilee Crown, Road No.36, Shaikpet, Hyderabad, Telangana	India	multi_2_3	India__multi_2_3
S1-662843248	Sreenath Solutions Private Limited	Flat 303, Western Towers Sector 126, Kharar, Rupnagar, Punjab	India	multi_4_plus	India__multi_4_plus
S1-895518745	Urban Deli Inc.	9872 Hart Boulevard, Unit Unit 329, Monticello, MN	US	singleton_0	US__singleton_0
S1-466106842	Schoen Global Tree	1822 Esters Road, Unit 2038D, Irving, TX	US	multi_2_3	US__multi_2_3
S1-310249535	White Foundation Pvt Ltd	4Th Street, Subbalakshmi Nagar Korattur, Chennai, 42, Tamil Nadu	India	multi_4_plus	India__multi_4_plus
S1-900390346	Frolic Health Corp	A-45, Krishna Park, Devli Road Khanpur, New Delhi, Delhi	India	multi_4_plus	India__multi_4_plus
S1-615241702	Dhanalakshmi Farms Private Limited	No. 33A, Reddy Building, 6Th Cross, Hutchins Road, Near Apd School, Cooke Town, Banglore, Bangalore, Karnataka	India	multi_4_plus	India__multi_4_plus
S1-744973795	Amazing Services (India) Private Limited	Indore, Madhya Pradesh, Telephone Nagar, 76, Indore	India	single_1	India__single_1
S1-722818618	Christ Presbyterian Church Partners	8958 173rd Street, Douglas County, NE	US	multi_2_3	US__multi_2_3
S1-870115237	Strategic Optimal Online LLC	Tinley Park, 6321 Ulster Drive, IL	US	multi_4_plus	US__multi_4_plus
S1-521648583	Light Recreational Private Limited	12 11 4, Gollarapalya, Bangalore North, Bangalore, Karnataka	India	multi_2_3	India__multi_2_3
S1-15326347	Sunrise Ventures LLP	Kh.No. 101/19 Ground Floor, Village Alipur, Delhi, North West Delhi, Delhi	India	multi_4_plus	India__multi_4_plus
S1-236278393	Indo Hospitality Private Limited	Office No. 409, Apex Business Court, S No 588/2C, Ctc 3217, Bibwewadi Kondhwa Road, Opp Cru Mall, Pune City, Pune, Maharashtra	India	multi_2_3	India__multi_2_3
S1-181224614	Barnes Huntington L.L.C.	445 Brannon Road, Jessamine Co, KY	US	multi_2_3	US__multi_2_3
S1-535432043	Prous LLC	6509 93rd Avenue E, Unit APARTMENT  D, Tulsa, OK	US	multi_2_3	US__multi_2_3
S1-722126214	Helms and Pfeifle	5679 Garman Road, Auburn, IN	US	multi_2_3	US__multi_2_3
S1-444484227	Wildlife Fellowship, Inc	304 Jefferson Street, New London, IA	US	multi_2_3	US__multi_2_3
S1-183760590	Precision Business Worldwide Corporation	1213 Clarinet Road, Elkhart, IN	US	multi_4_plus	US__multi_4_plus
S1-597856896	Aguilar & Matthews Commerce PLLC	2425 Bice Avenue, Buffalo, MN	US	multi_2_3	US__multi_2_3
S1-246478198	Modern Marketing Private Limited	5-8-49/2/1/A, Gadwal Compound, Nampally, Hyderabad, Telangana	India	multi_4_plus	India__multi_4_plus
S1-120803513	Roex Inc	206 Hill Street, Columbia, TN	US	multi_2_3	US__multi_2_3
S1-920310344	Pediatric Dentistry Specialists Inc.	616 Cherokee Orchard Road, Gatlinburg, TN	US	single_1	US__single_1
S1-558634684	Prime Food Private Limited	Plot No. 23, Zone-1 M.P. Nagar, Bhopal, Madhya Pradesh	India	multi_2_3	India__multi_2_3
S1-91116287	Dhakoli Network	Atulit Realtech Llp, #617, E Block, New Generation Maple Apartments, Dhakoli, Mohali, Punjab	India	singleton_0	India__singleton_0
S1-330509069	Platinum Starwood, LLC	17 4 Street, Tipp City, OH	US	multi_4_plus	US__multi_4_plus
S1-453796770	Envue Auto Sales LLC	1618 Main Street, Clarksville, AR	US	multi_4_plus	US__multi_4_plus
S1-963814482	Universal Logistics Pvt Ltd	Post Box No.4802, White Field Road, Bangalore, Karnataka	India	multi_2_3	India__multi_2_3
S1-582356995	VXC Metropolitan Hill Inc	1813 Leaders Lane, Leander, TX	US	multi_4_plus	US__multi_4_plus
S1-718789320	Manwaring & French LLC	Otsego, 14489 72nd Street, MN	US	single_1	US__single_1
S1-76273822	Tejaya Mascot Ltd	Plot No. N-4/243, Irc Village Nayapally, Jayadev Vihar, Bhubaneswar, Khordha, Orissa	India	multi_4_plus	India__multi_4_plus
S1-985516131	Premier Ocean LP	26 Old Straitsmouth Way, Rockport, MA	US	multi_4_plus	US__multi_4_plus
S1-282089477	Maestas Churchill Inc	113 Palmer Street, Arma, KS	US	single_1	US__single_1
S1-180692073	Green Fitness	5722 Northwood Drive, Baltimore, MD	US	multi_2_3	US__multi_2_3
S1-300906709	Lewis Metropolitan Pearl	609 Rustling Winds Drive, York, SC	US	multi_4_plus	US__multi_4_plus
S1-314287063	Red Yoga	4626 Cove Court, Trotwood, OH	US	multi_2_3	US__multi_2_3
S1-748243940	Blaine Box	3008 Davis Road, Spokane Valley, WA	US	multi_2_3	US__multi_2_3
S1-544760679	Kolkata Global Private Limited	25, Baranashi Ghosh Street, Kolkata, Howrah, West Bengal	India	multi_4_plus	India__multi_4_plus
S1-249355446	Federal Alliance	4200 Northside Parkway, Bldg 10, Atlanta, GA	US	multi_4_plus	US__multi_4_plus
S1-518319944	Bright Ice Cream	888 Purchase Street, Unit 221, New Bedford, MA	US	multi_4_plus	US__multi_4_plus
S1-754590226	Edwards Tpg Corp	2314 Davis Street, Kannapolis, NC	US	multi_4_plus	US__multi_4_plus
S1-836843365	Infinite Consultants	12-Sardar Nagar, 2Nd & 3Rd Floor Nr. P.N. Institution, Rajkot, Gujarat	India	multi_4_plus	India__multi_4_plus
S1-264272517	Primary Care Center Inc	18285 Crestline Drive, Lake Oswego, OR	US	multi_4_plus	US__multi_4_plus
S1-304184678	Metropolitan Federation	88 Old State Road, Norwalk, OH	US	singleton_0	US__singleton_0
S1-933384875	Universal Agro Private Limited	18/137 Mhb Colony, Sarvoday Nagar, Nr Hema Ind, Nr Samarth Vidyalay, Jogeshwari East, Mumbai, Mumbai City, Maharashtra	India	multi_4_plus	India__multi_4_plus
S1-246156830	Rev It Up Deli PLLC	12025 Sullivan Road, Central City, LA	US	multi_4_plus	US__multi_4_plus
S1-347810080	Crystal Apparel Brands LLC	9101 Sherman Road, Chesterland, OH	US	single_1	US__single_1
S1-335755791	Rowe Technical of Brookston	12999* 18, Brookston, IN	US	single_1	US__single_1
S1-568551826	Ramsey Highview Clinic	11 Doak's Lane, Marblehead, MA	US	multi_2_3	US__multi_2_3
S1-944137003	I Y & X Atlas Inc.	205 Church Street, Unit A, Rich Creek Town, VA	US	multi_4_plus	US__multi_4_plus
S1-560413236	Merrile's Liquor	MT, 720 35th Avenue, Great Falls	US	multi_2_3	US__multi_2_3
S1-422591448	Maa Finance Private Limited	Tonk, Rajasthan, 167, Maszid Ke Pass Kayam Khaniyo Ki Gali, Utwalanna, Mehndi Bagh	India	multi_2_3	India__multi_2_3
S1-702463907	Vannie Hill, M.D., DDS PC	1114 Twin Oaks Street, Bensenville, IL	US	multi_4_plus	US__multi_4_plus
S1-987075458	Case and Gomez Better	2345 30th Street, Lorain, OH	US	multi_4_plus	US__multi_4_plus
S1-684959382	X & C Tidewater Inc	404 Lone Cedar Road, Marble Falls, TX	US	multi_4_plus	US__multi_4_plus
S1-208500900	Tevue Urban, LLC	593 Blue Bird Circle, Parsons, TN	US	multi_4_plus	US__multi_4_plus
S1-595156952	American Midwest Metal Inc	TX, Nolanville, 101 Jesse James Drive	US	single_1	US__single_1
S1-403461984	Gujarat Exports Private Limited	28-1-497 C Mypad Road Bodigadithota, Nellore, Anantapur, Andhra Pradesh	India	multi_4_plus	India__multi_4_plus
S1-610850812	Vivekanand Financiers Corporation	Flat No.1, Top Floor, Lalitha Krishna Apartments 2, Giri Road, T.Nagar, Chennai, Tamil Nadu	India	multi_2_3	India__multi_2_3
S1-627160847	Visible & Co	Jay Shree Colony, Teliyon Ka Talab Nathdwara, Nathdwara, Rajsamand, Rajasthan	India	multi_4_plus	India__multi_4_plus
S1-922164888	Lets Infra Private Limited	203, Amar Neptune Baner, Opp. Bata Showroom, Pune, Maharashtra	India	multi_4_plus	India__multi_4_plus
S1-381957415	Digital Care Limited	Flat No. 1 Sumangal Resi. Ulka Nagari, Aurngabad, Aurangabad, Maharashtra	India	multi_4_plus	India__multi_4_plus
S1-654317467	Transcontinental Marketing Dynamics	Prince William County, Unit UNIT 301, VA, 16985 Islip Loop	US	multi_4_plus	US__multi_4_plus
S1-427883711	Domjur Realtors Private Limited	95 /16 Dharamtolla Road, Salkia Howrah, Domjur, Howrah, West Bengal	India	multi_2_3	India__multi_2_3
S1-235788059	Dayrit, Pena & Sutton Inc	7215 Pine Cone Road, Black Forest, CO	US	multi_2_3	US__multi_2_3
S1-165885831	Universal Solutions	# 1-9-485/9/8, Plot No.24, Lalitha Nagar, Adikmet, Vidayanagar, Hyderabad, Telangana	India	multi_2_3	India__multi_2_3
S1-482286138	Dermatology Care Associates	35080 N Fork Road, Kenai Peninsula Borough, AK	US	multi_4_plus	US__multi_4_plus
S1-922050595	Rank & Sons Limited	Maharashtra, Nagpur, Kundan Lal Gupta Nagar, Nagpur, Plot No.1745/B/925	India	multi_4_plus	India__multi_4_plus
S1-532502121	Continental Veterinary Clinic	1667 85th Street, Cleveland, OH	US	multi_4_plus	US__multi_4_plus
S1-573874770	Shanvi Foods	Plot No-E-5, Chakan, Industrial Area, Khed, Khed, Pune, Maharashtra	India	multi_4_plus	India__multi_4_plus
S1-991841132	Warner Midwest Gsr	IN, Indianapolis, 7316 Appaloosa Way	US	multi_4_plus	US__multi_4_plus
S1-185055467	Bangalore South Labs Private Limited	No. 19, 4Th C, Koramangala Industrial Area, 5Th Block, Bangalore South, Bangalore, Karnataka	India	multi_2_3	India__multi_2_3
S1-31347364	Petrochem Club (India) Private Limited	1361, Ph -Iii, G/F Jj Colony, Madanpur Khadar, Sarita Vihar, South Delhi, Delhi	India	multi_2_3	India__multi_2_3
S1-577763005	Jones Prime Solutions Inc	220 Webb Street, WA, Pullman	US	multi_2_3	US__multi_2_3
S1-135471270	Baldwin & Wylie Development Inc	1159 Cortez Avenue, Billings, MT	US	multi_4_plus	US__multi_4_plus
S1-408880568	Donielle Lambert Spa	40910 Dorman Road, Gold Bar, WA	US	multi_2_3	US__multi_2_3
S1-588647148	Deal Memorial Trust Limited	H No. D-1/2B Hibiscus Sec 50 Near Ss Plaza, Gurugram, Gurgaon, Haryana	India	multi_4_plus	India__multi_4_plus
S1-699759333	Imperial Suppliers Private Limited	C-99, Industrial Estate G.T. Road Bye Pass, Jalandhar, Jalandhar, Punjab	India	multi_4_plus	India__multi_4_plus
S1-622515318	City Food Private Limited	Telangana, K.V.Rangareddy, Serilingampally, Fno B 305 3Rd Floor, Ramky One Kosmos	India	multi_2_3	India__multi_2_3
S1-531702299	Premier Developers	No 15 A 1St Floor Pappya Compound M S Ramaiya Hospital Road Rmv Ashwat Nag, Ar, Bangalore, Karnataka	India	multi_4_plus	India__multi_4_plus
S1-632244913	Stealth Arts (India) Ltd	2002, Block 2, Osian Chlorophyll Devi Parasharthi Nagar, Porur, Chennai, Thiruvallur, Tamil Nadu	India	multi_2_3	India__multi_2_3
S1-766307478	Physical Therapy Care	3545 41st Avenue, Unit APT 19, Sacramento, CA	US	multi_2_3	US__multi_2_3
S1-303418542	Naliex L.L.C.	1709 Jessie Lane, Mckinney, TX	US	multi_2_3	US__multi_2_3
S1-321401809	Aas Eco	Ajay Kumar Singh, S/O:- Kavilesh Singh, Kali Mandir M G Nagar, Kankar Bagh, Patna, Bihar	India	multi_2_3	India__multi_2_3
S1-761701313	Diclaris LLC	2102 Ws Young Drive, Unit C, Killeen, TX	US	multi_4_plus	US__multi_4_plus
S1-796083671	Dobbin, Matson & Mcbrayer Inc	Kirby, 4555 Highway 70, AR	US	multi_4_plus	US__multi_4_plus
S1-987010400	Sunrise Consulting Pvt Ltd	A-3, Shreepal Complex Near Aradhana Cinema, Thane, Maharashtra	India	multi_4_plus	India__multi_4_plus
S1-375370928	Opttech Inc	8110 Mt Holly-huntersville Road, Unit B, Charlotte, NC	US	multi_2_3	US__multi_2_3
S1-72785656	Jobe Green LLC	1517 Coon Hollow Road, Sunbright, TN	US	multi_4_plus	US__multi_4_plus
S1-391548630	Tech Ss Infra Private Limited	Kanpur, Uttar Pradesh, 10 Azad Nagar, 2A/244	India	multi_2_3	India__multi_2_3
S1-958395524	Morris and Boggs L.L.C.	248 Dorchester Avenue, Glenwood, IL	US	multi_4_plus	US__multi_4_plus
S1-49517467	Cox Electric Associates	6926 Dorset Street, Shelburne, VT	US	multi_4_plus	US__multi_4_plus
S1-291566642	Camitech Holdings Group LLC	7189 San Carmela Court, Rancho Cucamonga, CA	US	multi_2_3	US__multi_2_3
S1-647920122	Jones Empire Irenic Clinic	65 Wedgewood Drive, Manchester, CT	US	multi_4_plus	US__multi_4_plus
S1-944376914	Candida S. Honeycutt, DMD, PC	53 Tenth Street, NY, Fulton	US	multi_4_plus	US__multi_4_plus
S1-277834693	St. Presbyterian Church	Canby, OR, 599 22nd Avenue	US	multi_4_plus	US__multi_4_plus
S1-561247776	Marshal Realtech Private Limited	C/Obhagvanjibhaistalaviya, At. Tramba, Raga Svara, Rajkot, Gujarat	India	single_1	India__single_1
S1-349516029	Intercontinental Elite Private Limited	Madhya Pradesh, 7Th Floor, Aditya Gateway, Plot No. 42 Scheme No. 139, Indore, B704, Indore	India	multi_4_plus	India__multi_4_plus
S1-719919136	Al Blue Consultancy Limited	24/7-A, Second Floor Tilak Nagar, New Delhi, West Delhi, Delhi	India	multi_2_3	India__multi_2_3
S1-368557784	Bhagwati (India) (madras) Limited	F547 Ph8A, Indl Area Mohali, S.A.S.Nagar (Mohali), Rupnagar, Punjab	India	multi_4_plus	India__multi_4_plus
S1-746162578	Ridge All Chadwick Inc	956 Birch Creek Drive, Wilmington, NC	US	multi_4_plus	US__multi_4_plus
S1-298877090	Pediatric Specialists of Bear	430 Corato Court, Bear, DE	US	multi_2_3	US__multi_2_3
S1-538770994	Cathe Hines Acadia	NY, New Hudson, 8265 Spring Valley Road	US	multi_4_plus	US__multi_4_plus
S1-476831471	Blue Patriot Aegon	31661 94th Street, Parker, AZ	US	multi_4_plus	US__multi_4_plus
S1-247821016	Jayalaxmi Services Private Limited	1-B, Karnataka, 304 Clayton Divyasree Sarjapur Road Kaikandrahalli Carmeleram, Bangalore	India	multi_4_plus	India__multi_4_plus
S1-149222459	Clark, Depriest and Byrum LLC	1431 Orchard Heights Drive, Mayfield Heights, OH	US	multi_2_3	US__multi_2_3
S1-591374141	Lotus Tech Private Limited	Shri Sagar Estate 'A'Dr.A.B.Road, Worli, Mumbai, Maharashtra	India	multi_4_plus	India__multi_4_plus
S1-22443211	Hyderabad Land Company	14/50/196, Plot No 84, Svcie, Bala Nagar, Hyderabad, Telangana	India	singleton_0	India__singleton_0
S1-814672028	Ss Energy Private Limited	Plot No.5, Sector-Vi Imt Manesar, Manesar, Gurgaon, Haryana	India	multi_2_3	India__multi_2_3
S1-416438739	Modern It Private Limited	Flat No. P-131, 14Th, 14Th Avenue, Gaur City-2, Ghaziabad, Uttar Pradesh	India	singleton_0	India__singleton_0
S1-291340043	Elite Materials Associates	93 Club Colony Lane, Lake Toxaway, NC	US	multi_4_plus	US__multi_4_plus
S1-415067629	Physical Therapy Associates of Prince William County	10481 Butterfield Street, Unit UNIT 14, Prince William County, VA	US	multi_2_3	US__multi_2_3
S1-606614661	True Brothers Private Limited	Wz 6A T/F, Plot No. 32 Chand Nagar, Delhi, South Delhi, Delhi	India	multi_4_plus	India__multi_4_plus
S1-350093322	Karnes, Hutcheson and Ferreira LLC	8191 Atlee Road, Hanover County, VA	US	multi_2_3	US__multi_2_3
S1-78497462	Bharat Impex Private Limited	D16B, Bhagat Singh Enclave, Behind Shivaji College, Raja Garden, New Delhi, Delhi	India	multi_4_plus	India__multi_4_plus
S1-916436842	Tech Software Private Limited	No-4, Jayalakshmi Puram, 1St Street, Nungambakkam, Chennai - 600 034., Tamil Nadu	India	multi_4_plus	India__multi_4_plus
S1-938709518	Lumex Ishares Inc	573 Lark Drive, Albany, NY	US	multi_4_plus	US__multi_4_plus
S1-145733157	Vanguard Education Collective	444 Sandman Drive, Kure Beach, NC	US	multi_4_plus	US__multi_4_plus
S1-672408548	ZJK Lng LLC	NY, Malverne, 116 Malverne Avenue	US	multi_4_plus	US__multi_4_plus
S1-345246505	Cascade Society Inc	3778 Woodbury Oval, Stow, OH	US	multi_2_3	US__multi_2_3
S1-348715776	Integrated Mortgage Brands Care	WI, 1850 Fly Rod Trail, Town Of Saratoga	US	multi_2_3	US__multi_2_3
S1-829142674	Ivenance Advertising LLC	12912 Westbrook Drive, Urbandale, IA	US	multi_4_plus	US__multi_4_plus
S1-542724973	Phillips Skin Care Inc	4 Old Landing Way, Boston, MA	US	multi_4_plus	US__multi_4_plus
S1-318218643	Velix Charles LLC	1447 59 Street, Brooklyn, NY	US	multi_2_3	US__multi_2_3
S1-683192018	Gurgaon (india) Co	Ground Floor, Tower B, Buliding No. 5, Dlf Cyber City Phase Iii, Gurgaon, Haryana	India	multi_2_3	India__multi_2_3
S1-182887772	Special Collar Private Limited	C 3, 801, Narayan Sanskruti, Near Vikrama Duplex, Sunpharma Atladra Link Road, Vadodara, Gujarat	India	multi_4_plus	India__multi_4_plus
S1-996189067	Calderon Kongsberg Associates	42787 Shaler Street, Loudoun County, VA	US	multi_2_3	US__multi_2_3
S1-446042631	Signature Amc Inc	631 Raleigh Boulevard, NC, Rocky Mount	US	multi_2_3	US__multi_2_3
S1-275514964	Concepcion Auto Sales	TX, Arlington, 5221 Carpenter Drive	US	multi_4_plus	US__multi_4_plus
S1-871006114	E & W Restaurants LLC	4902 Bergoo Road, Webster Springs, WV	US	multi_4_plus	US__multi_4_plus
S1-115859785	3186 Sixth Court Holdings	503 Oak Knoll Drive, MD, Rockville	US	multi_4_plus	US__multi_4_plus
S1-589634567	D 5 W James LP	232 Belt Boulevard, Richmond City, VA	US	multi_2_3	US__multi_2_3
S1-795631320	Smart Trading Private Limited	Flat No-1/22, Vijaya Enclave Nb, Bangalore South, Bangalore, Karnataka	India	multi_4_plus	India__multi_4_plus
S1-130695685	Piedmont Alliance, LLC	700 Franklin Road, Brentwood, TN	US	multi_2_3	US__multi_2_3
S1-312497517	Eminent Lakshmi Limited	Suraj Avenue Nangli, Amritsar, C/O Moti Lal Sharma, Punjab, Amritsar	India	multi_2_3	India__multi_2_3
S1-239458079	Prudence Fabricators (India) Limited	22105 Prestige Shantiniketan, Whitefield Road, Bangalore North, Bangalore, Karnataka	India	multi_4_plus	India__multi_4_plus
S1-733626802	Wetzel All Studios	6730 Iron Creek Circle, Chesterfield County, VA	US	multi_2_3	US__multi_2_3
S1-759746826	Ewen Voya LLC	144 Laramie Lane, Hernshaw, WV	US	multi_4_plus	US__multi_4_plus
S1-537264287	Brightay Cargo PLLC	Cincinnati, OH, 2575 Queen City Avenue	US	multi_2_3	US__multi_2_3
S1-4267944	Certified Clean Automotive Care	38 Pine Street, Logan, WV	US	multi_2_3	US__multi_2_3
S1-57725224	Coral Consultancy Private Limited	Maharashtra, Off No.427/428/429, Thane, A-Wing, Lodha Supremus Ii	India	multi_4_plus	India__multi_4_plus
S1-596601225	Bay Canary LLC	Beckley, WV, 207 Pike Street	US	multi_4_plus	US__multi_4_plus
S1-718083099	Davue Eastern Inc	4529 A Windsong, Hunters, WA	US	multi_4_plus	US__multi_4_plus
S1-385338713	Safe Pioneer Legato LLC	21107 Deodora Drive, Chesterfield County, VA	US	multi_4_plus	US__multi_4_plus
S1-363301993	Kamareddy Global Pvt. Ltd.	No 7-129 Nizam Sagar Road Near Pragna (Rk) Degree College, Kamareddy, Nizamabad, Telangana	India	multi_4_plus	India__multi_4_plus
S1-583016282	Tri Karnataka Private Limited	Prantik Pally, Ward No.13, Arambagh, Hooghly, West Bengal	India	multi_4_plus	India__multi_4_plus
S1-460252171	Global Anchor Medicines Inc.	52 Tuscarora Drive, Lillington, NC	US	multi_2_3	US__multi_2_3
S1-176414805	Creative Services Limited	Kerala, Ernakulam, Building No 46/102 Aadhappilly Tower, Ernakulam, Vennala P.O, Kochi	India	multi_4_plus	India__multi_4_plus
S1-247455396	I & P Fact Associates	1125 Salem Road, AR, Conway	US	multi_2_3	US__multi_2_3
S1-948736689	Shivkripa (India) Shopping Limited	Bengaluru, 1084/1, Bangalore, Karnataka, 14Th Cross, Chikkadevaraya Road, Hanumanth Nagar	India	singleton_0	India__singleton_0
S1-34374922	Elegant Medical Centre	909A, 9Th Floor, Raghava Ratna Towers Chirag Ali Lane, Abids, Hyderabad, Telangana	India	multi_4_plus	India__multi_4_plus
S1-770223659	Northwind LP	6340 Tripp Avenue, Chicago, IL	US	multi_2_3	US__multi_2_3
S1-701376102	Teak Distributors Private Limited	53, Satra Plaza, Ground Floor, Plot No.19 & 20, Sector-19D, Vashi, Navi Mumbai, Thane, Maharashtra	India	multi_4_plus	India__multi_4_plus
S1-114229458	Trinity Lutheran Church	611 Fingerboard Road, Staten Island, NY	US	multi_4_plus	US__multi_4_plus
S1-22356534	All Products Private Limited	Upalsing, Orissa, Gajapati, Paralakhemundi, W/O Pradeep Kumar Kar	India	multi_2_3	India__multi_2_3
S1-597564310	Corabelle Turner Custom Gravity Inc	6131 Forestdale Avenue, Trotwood, OH	US	multi_2_3	US__multi_2_3
S1-523284841	Womens Health Associates Inc	16436 Marcello Drive, Pflugerville, TX	US	multi_4_plus	US__multi_4_plus
S1-491146031	Quex P.C.	3023 Brownie Campbell Road, Houston, TX	US	multi_4_plus	US__multi_4_plus
S1-911488145	Machesney Park Community Regional Association	8311 Hickory Tree Drive, Machesney Park, IL	US	multi_2_3	US__multi_2_3
S1-506971700	Bhubaneswar Lifesciences Private Limited	Flat No-508, 5Th Floor, Block-B, Platinum Paradis, Bhubaneswar, Khordha, Orissa	India	multi_2_3	India__multi_2_3
S1-606170022	Blossom Life Pvt. Ltd.	Unit No 611, Pearls Best Hights-Ii Plot No C-9 Nsp, Pitampura, Delhi, North West, Delhi	India	multi_2_3	India__multi_2_3
S1-612669660	Saint Zion PLLC	15150 Ute Street, Ramsey, MN	US	multi_2_3	US__multi_2_3
S1-151248620	Urology Center	3604 Brad Ct, Louisville, KY	US	multi_2_3	US__multi_2_3
S1-89215326	Laxmi Shakti Tech Private Limited	C-2/114 Printer Apartments Sector 13 Rohini, New Delhi, Delhi	India	multi_2_3	India__multi_2_3
S1-162546075	Red Tech Private Limited	474-475, Agarwal Millenium Tower-2, Netaji Subash Place, Pitampura, Delhi	India	multi_4_plus	India__multi_4_plus
S1-621453199	Unnati Service Private Limited	196/3 M G Roadjaysingpur, Kolhapur, Maharashtra	India	multi_2_3	India__multi_2_3
S1-214429155	Family Services	14244 Windrose Drive, Surprise, AZ	US	multi_2_3	US__multi_2_3
S1-277460033	Jackson, Cortez & Taylor Ltd	71 Norman Street, West Springfield, MA	US	multi_4_plus	US__multi_4_plus
S1-880090995	Quality Chs LLC	160 Quality Hill Road, Bisbee, AZ	US	multi_2_3	US__multi_2_3
S1-264663287	Highland Supply LLC	13301 Great Coastal Drive, Chesterfield County, VA	US	multi_4_plus	US__multi_4_plus
S1-274442281	Drayex Cantor Inc	722 Doe Run, Smithland, KY	US	multi_4_plus	US__multi_4_plus
S1-85659903	Supreme It Private Limited	Sco No.204 Second Floor, Raja Commercials, B-Xv-79/A-1, Vishwakarma Chowk, Miller Ganj, G.T. Road, Ludhiana, Punjab	India	multi_4_plus	India__multi_4_plus
S1-197304310	Cindie Urgiles Ace Athena Corp	565 Presley Circle, Mt Pleasant, TN	US	multi_2_3	US__multi_2_3
S1-916168497	Management Icom Solutions LLP	Building No. 64/6, House No.22A, Sreyas Nagar, Ollukkara, Thrissur, Kerala	India	multi_4_plus	India__multi_4_plus
S1-747060914	Digital Consulting Private Limited	Srno78/60 Plno 1 W A 107, Saivision Pimplesaudgar, Pune City, Pune, Maharashtra	India	multi_4_plus	India__multi_4_plus
S1-258326217	Patriot Institute	19501 Green Acres Lane, Hillsboro, WI	US	multi_4_plus	US__multi_4_plus
S1-807781104	Nivaan Institute Private Limited	Sakti Nagar, Near Kishor Sangha Club, Jalpaiguri, West Bengal	India	multi_2_3	India__multi_2_3
S1-125310170	Hurtado Broadband	707 Ridge Street, Bowling Green, OH	US	multi_4_plus	US__multi_4_plus
S1-929563137	Digital Urban Logistics LLP	No.201, Serene Streak Apartment Sharbathkatte Yeyyadi, Mangalore, Dakshina Kannada, Karnataka	India	multi_2_3	India__multi_2_3
S1-861316674	Signature Strategic Finance LLC	6242 Lyra Drive, Rockville, MD	US	multi_2_3	US__multi_2_3
S1-349831678	Premier Textile Corporation	2912 Main Street, Unit 100, Fuquay-varina, NC	US	multi_2_3	US__multi_2_3
S1-164727372	Advanced Biomedical Enterprises	49 Pierce Road, Rising Sun, MD	US	multi_4_plus	US__multi_4_plus
S1-51590630	Cobalt Inc	936 Cascades Drive, Mckinney, TX	US	multi_4_plus	US__multi_4_plus
S1-836855664	Valadez Alphabet LLC	9618 W Wind Trail, Woodbury, MN	US	multi_4_plus	US__multi_4_plus
S1-329014655	Smart Data Consultants Inc	937 Crab Tree Cove, Midwest City, OK	US	multi_2_3	US__multi_2_3
S1-888583420	Norene Martin Pacific Productions Inc	1406 Angels End, Unit B, Greenville, NC	US	multi_2_3	US__multi_2_3
S1-162770787	Morning Medical Centre Private Limited	E-38, Flat No.108, First Floor, Rajouri Garden, West Delhi, New Delhi, Delhi	India	multi_4_plus	India__multi_4_plus
S1-476945809	Jones Great Software LLC	645 D Street, San Bernardino, CA	US	multi_4_plus	US__multi_4_plus
S1-634672728	Casey Society VI Inc	4368 Mohegan Drive, Fl 0, Saint Louis, MO	US	multi_4_plus	US__multi_4_plus
S1-321367491	Pioneer Data Dynamics LLC	1105 3rd Street, Knox City, TX	US	multi_4_plus	US__multi_4_plus
S1-955415623	Hinojosa and Castro	2635 Randleman Road, Unit B, Greensboro, NC	US	multi_4_plus	US__multi_4_plus
S1-547767257	Stange Supreme Horse LLC	299 Liner Cove Road, Waynesville, NC	US	multi_2_3	US__multi_2_3
S1-728726148	Kamla (india) Private Limited	A-35 Pandav Nagar, Delhi, East Delhi, Delhi	India	multi_4_plus	India__multi_4_plus
S1-975093143	Da Projects Limited	Harinarayana Singuru C/O 4, 4, 86/12 Pujaripeta A M V Town, Amadalavalasa, Srikakulam, Andhra Pradesh	India	single_1	India__single_1
S1-505801191	Barsana & Partners	C-8, Maya Puri Phase-Ii, New Delhi, Delhi	India	multi_4_plus	India__multi_4_plus
S1-567062771	Piedra Insurance PC	697 Lake View Drive, Lakehills/pipe Creek, TX	US	multi_4_plus	US__multi_4_plus
S1-286233028	JO Anchor Nextera Inc.	15718 Blooming Road, Chesterfield County, VA	US	multi_4_plus	US__multi_4_plus
S1-503162036	Eastern Foods	34/585, 1St Floor, Krishna Towers, Civil Line Road, Opposite P.O.C, Edapally P.O, Padivattom, Kochi, Ernakulam, Kerala	India	multi_2_3	India__multi_2_3
S1-128454947	Kitzmiller's Liberty Pizza, LLC	250 Throop Street, Woodstock, IL	US	multi_2_3	US__multi_2_3
S1-778456014	Tot Network Company	Mahuva, Bhavnagar, Behind Kings Cold Storage, Mahuva-Bhavnagar Highway, Mahuva, Revenue Survey No. 190P1/P1 & 190P1/P2, Gujarat	India	multi_4_plus	India__multi_4_plus
S1-502275537	Suryavanshi Holdings	# 309, 4Th B Cross Hrbr Layout, Iii Block, Bangalore, Karnataka	India	multi_2_3	India__multi_2_3
S1-78762900	Mcrae Chs	3060 Hammond Business Place, Unit 121, Raleigh, NC	US	multi_2_3	US__multi_2_3
S1-344154713	Electronic Engineering Works	4712 Gibson Street, Houston, TX	US	multi_2_3	US__multi_2_3
S1-276927594	Ratlam Foundation Private Limited	C/O Sayyad Akhtar Ali Vahid Nagar, Old Baipass Road, Ratlam, Madhya Pradesh	India	multi_4_plus	India__multi_4_plus
S1-203924219	Mesa Community Complete Church	2305 Main Street, Unit 135, Mesa, AZ	US	multi_2_3	US__multi_2_3
S1-724740869	Guerrero Paloma P.C.	2670 Springvale Road, Morristown, TN	US	single_1	US__single_1
S1-720096870	Mukund Brothers Private Limited	Nawanagar, Bihar, Buxar, Panch Vill Nawanagar, C/O Manoj Kumar Singh	India	multi_4_plus	India__multi_4_plus
S1-236387812	Digital Marketing Private Limited	Plot No 18, Opp Tirupati Apartment Doye Layout, Zingabai Takli, Nagpur, Maharashtra	India	multi_2_3	India__multi_2_3
S1-4990771	Jeannette's Coastal Group	234 Beechwood Shores Drive, Moyock, NC	US	multi_2_3	US__multi_2_3
S1-776560239	Silver Tech Private Limited	Village & P. O. - Raghudevpur Block Ii, Nh - 6, Uluberiahowrah, Howrah, West Bengal	India	multi_4_plus	India__multi_4_plus
S1-161362300	Technologies Psyche Infra Limited	Hno.6-3-1110, Unit No 19, First Floor Amrutha Mall, Somajiguda, Begumpet, Hyderabad, Telangana	India	multi_4_plus	India__multi_4_plus
S1-415979926	Shanti Foods Private Limited	No.44, Madeena Nagara M M Palya, Bangalore, Karnataka	India	single_1	India__single_1
S1-109335402	Peterson, Garcia & Moreno LP	3156 Sassafras Lane, Thompson's Station, TN	US	multi_2_3	US__multi_2_3
S1-448658734	Response Mega Limited	5, Vinayak Smruti Apt, Prabhat Road, Near Hotel Royalty, Ghodke Chowk, Deccan, Pune, Maharashtra	India	multi_4_plus	India__multi_4_plus
S1-191645710	Gangansh Consultancy Pvt. Ltd.	5/139 Aradhana Roop Nagarstation Road Bandra East, Mumbai, Maharashtra	India	multi_4_plus	India__multi_4_plus
S1-844380589	Mauer, Lipsky & Walker Corp	104 Briar Lane, James City County, VA	US	multi_2_3	US__multi_2_3
S1-893318925	Straight Edge Book Store LP	MD, 1333 Yorktown Road, Fl 0, Annapolis	US	multi_2_3	US__multi_2_3
S1-935673504	Urology Desert Group	112 B Scott Road, East Bernstadt, KY	US	multi_2_3	US__multi_2_3
S1-450360068	TXX Finance Ltd	T.C.X. South 56, Gandhidham, Gujarat	India	multi_4_plus	India__multi_4_plus
S1-30758786	Baba Software Private Limited	No 145/7, 1St Floor, 6Th Main, 9Th Cross, Gokulam 3Rd Stage, Mysore, Karnataka	India	multi_4_plus	India__multi_4_plus
S1-35773303	Womens Health Apex Group	605 Main Street, Marble Falls, TX	US	multi_4_plus	US__multi_4_plus
S1-879116533	Philly Christenson Thunder Corp	2608 Joseph Cox Court, Columbus, IN	US	multi_4_plus	US__multi_4_plus
S1-447359114	West Defense LLC	4001 Hancock Drive, Sacramento, CA	US	multi_4_plus	US__multi_4_plus
S1-150364129	Physical Therapy Associates	2311 16th Avenue, Unit 221, Spokane, WA	US	multi_2_3	US__multi_2_3
S1-849317263	Casoft Inc.	611 Briarcliff Drive, Houston, TX	US	multi_4_plus	US__multi_4_plus
S1-873588428	Urology Vanguard Associates	350 Bryan Street, Beatrice, AL	US	multi_4_plus	US__multi_4_plus
S1-179825349	H+ Telecommunication Inc	27614 Macklind Ridge Lane, Katy, TX	US	multi_2_3	US__multi_2_3
S1-824706158	L 6 Express Nasdaq Inc.	4814 Paulson Street, Mchenry, IL	US	multi_4_plus	US__multi_4_plus
S1-96367308	Great Institute of Technology	Costa Mesa, CA, 3008 Club House Circle	US	single_1	US__single_1
S1-783575505	Aditya Best International Private Limited	60Ff, Gajanand Park Soc-2, B/H Chikuvadi, Puna Road, Choryasi, Surat, Gujarat	India	multi_2_3	India__multi_2_3
S1-332790057	Education Program of Mission LLC	1408 Francisco Avenue, Mission, TX	US	multi_4_plus	US__multi_4_plus
S1-802231154	EVO Pinnacle Grade Inc	Hugo, MN, 6241 158th Street	US	multi_2_3	US__multi_2_3
S1-975862659	Community Foundation	98 Foster Hill Road, Lookout, WV	US	multi_2_3	US__multi_2_3
S1-396646246	Wildlife Fund	MA, Montague, 17 Grove Street	US	multi_4_plus	US__multi_4_plus
S1-891380811	Christ Cathedral	615 107th Street, Chicago, IL	US	multi_2_3	US__multi_2_3
S1-40283565	Rock Cascade Managed Partners	10687 Wild Chives, Conroe, TX	US	multi_4_plus	US__multi_4_plus
S1-229106235	Drusilla Jarvi Btc LLC	WA, 18020 Erickson Road, Longbranch	US	multi_2_3	US__multi_2_3
S1-310529209	KM Chain Private Limited	R/O B-139 4Th Floor, Dr Ambedkar Colony, South West Delhi, Delhi	India	multi_4_plus	India__multi_4_plus
S1-942929065	Bright Food Pvt Ltd	46/31/1, Leela Roy Sarani Shop-252, 2Nd Floor, Kolkata, Kolkata, Howrah, West Bengal	India	multi_2_3	India__multi_2_3
S1-647630301	Diamond Silver James Corp	130 Morrisett Chapel Road, Whitesburg, TN	US	multi_2_3	US__multi_2_3
S1-10794585	Jai Exports Private Limited	Uttar Pradesh, A-1 Sector 10, Ground Floor, Gautam Buddha Nagar, Noida	India	singleton_0	India__singleton_0
S1-469410766	Sheree Hankins Northern, LLC	954 Mccue Street, Laramie, WY	US	multi_4_plus	US__multi_4_plus
S1-274890127	Shyam Agro Pvt. Ltd.	No.43/1927 (Old No.32/1577) - C, Ii Floor, Springs Cascade, Peringat Road, Palariva, Ttom, Kochi, Ernakulam, Kerala	India	multi_4_plus	India__multi_4_plus
S1-678652430	Spence Medical Center	302 83rd Street, Kansas City, MO	US	multi_2_3	US__multi_2_3
S1-220643930	Sweet Diner	8795 Marilyn Drive, Frisco, TX	US	multi_4_plus	US__multi_4_plus
S1-655088836	Primary Care Regional Clinic Center	3103 4th Place, OK, Tulsa	US	multi_4_plus	US__multi_4_plus
S1-950144851	Shiva Indian Ventures Private Limited	Hn-24 Ff Ashoka Crescent Marg, Near Rapid Metro Station, Phase-1 Dlf Phase-1, Sector 26, Dlf Qe, Gurgaon, Haryana	India	multi_2_3	India__multi_2_3
S1-817622790	Infrastructure Wellspring Producer Private Limited	Flat No.2A, Karnataka, Bangalore North, 35 Patel Paradise Apartment, Lic Colony Yeshwanthpura, Bangalore	India	multi_4_plus	India__multi_4_plus
S1-764741780	Federal Mae LLC	Unit 26, Peoria, 10960 67th Avenue, AZ	US	multi_4_plus	US__multi_4_plus
S1-34916446	Anand Hospitality Private Limited	Shop No. 8. Dheeraj Heritage Residency - 1, Linking Road Extn., Santacruz (West), Mumbai, Mumbai City, Maharashtra	India	multi_4_plus	India__multi_4_plus
S1-995078395	Swastik Finance Pvt Ltd	Sharanya Arcade No.81/A, 2Nd Floor, 32Nd Cross 2Nd Block Rajajinagar, Bangalore, Karnataka	India	multi_2_3	India__multi_2_3
S1-390091612	Olmedo's Realty	3974 Huddington Court, Winston-salem, NC	US	multi_4_plus	US__multi_4_plus
S1-128347375	Anand Green Logistics Private Limited	107 First Floor Plot No-6T.C, Jaina Tower -2 District Centre Janak New Delhi, Delhi, Jaina Tower -2 District Centre Janak New Delhi, Delhi, New Delhi, West Delhi, Delhi	India	multi_2_3	India__multi_2_3
S1-386963167	Royal & Associates	R No 6, Dev Ashish, Nr Subhash Dairy, Gandhi, Kalyan, Thane, Maharashtra	India	multi_4_plus	India__multi_4_plus
S1-851142120	Mpm Systems Co	No.30/452, A2-F, Matsyapuri, Willingdon Island, Kochi, Ernakulam, Kerala	India	multi_4_plus	India__multi_4_plus
S1-631840437	Romero and Almendares Enbridge LLC	4695 Shagbark Court, City Of Brookfield, WI	US	multi_4_plus	US__multi_4_plus
S1-658336143	Bharat Projects Private Limited	Wz-1390/12B, Near Janakpuri D Block Pankha Road, Nagal Rai, New Delhi, West Delhi, Delhi	India	multi_2_3	India__multi_2_3
S1-765734254	Health Fellowship Partners	601 Oleander Circle, Virginia Beach City, VA	US	multi_4_plus	US__multi_4_plus
S1-942891205	Eye Care LLC	8150 Rubeck Road, Poland, IN	US	multi_2_3	US__multi_2_3
S1-757321411	Heritage Wellness	TX, 412 Narcissus Street, Lake Jackson	US	multi_2_3	US__multi_2_3
S1-151026524	Bhiwadi It Private Limited	Office No. 209, 2Nd Floor Krish City Centre, Tapukara, Bhiwadi, Alwar, Rajasthan	India	multi_4_plus	India__multi_4_plus
S1-252003139	Behavioral Health Clinic	8811 Black Cherry Crssing, Katy, TX	US	multi_4_plus	US__multi_4_plus
S1-959125588	Valens Vidyalaya Clinic	No.291/1, Apartment #V002, Ground Floor 4Th Main, 7Th A Cross, Vidyagiri Layout, Nagarbhavi 1St Stage, Bangalore, Karnataka	India	multi_2_3	India__multi_2_3
S1-665390459	Eye Group	6601 Lacona Street, District Heights, MD	US	multi_2_3	US__multi_2_3
S1-913042783	Quality Crest	5653 Myers Court, Virginia Beach City, VA	US	singleton_0	US__singleton_0
S1-402902918	Bright Trading Services, LLC	465 Westgate Parkway, AL, Dothan	US	multi_4_plus	US__multi_4_plus
S1-81823137	Green Hall Inc	126 Grand Avenue, Fort Thomas, KY	US	multi_2_3	US__multi_2_3
S1-677544297	Torres's Bakery	380 Stryker Road, Gilboa, NY	US	multi_4_plus	US__multi_4_plus
S1-186436379	Foot & Ankle Specialists Inc	Tarboro, 604 Hall Street, NC	US	multi_4_plus	US__multi_4_plus
S1-133292201	Nexis Graf Inc	31 Parkwood Hills, Spruce Pine, NC	US	multi_4_plus	US__multi_4_plus
S1-258065600	Lucita Suggs Guardian LP	Salt Lake City, 145 300, UT, Unit 25	US	singleton_0	US__singleton_0
S1-119279828	Patterson Travel	12962 Black Hills Drive, MN, Burnsville	US	multi_4_plus	US__multi_4_plus
S1-386686093	Creative Cloud Innovations	1806 Sanderling Street, Forney, TX	US	multi_4_plus	US__multi_4_plus
S1-907709227	Adragna City	6115 Markham Street, Unit Apt 6M, Little Rock, AR	US	multi_4_plus	US__multi_4_plus
S1-620331786	Gatling Platinum British	585 County Road 4876, Copperas Cove, TX	US	multi_4_plus	US__multi_4_plus
S1-927517039	Gall National Research Clinic	547 Thomas Street, Crown Point, IN	US	multi_2_3	US__multi_2_3
S1-243807937	Momai Properties Private Limited	Plot No. 753, Pace City Ii, Sector 37, Narsinghpur, Gurgaon, Haryana	India	multi_2_3	India__multi_2_3
S1-882796400	Helpful General Private Limited	2803, Redwood, Runwal Greens, Mulund-Goregaon Link Road, Bhandup West, Mumbai, Mumbai City, Maharashtra	India	multi_4_plus	India__multi_4_plus
S1-162096277	Choice Tri-State Deep	123 Tala Drive, Concord, NC	US	multi_4_plus	US__multi_4_plus
S1-406560855	Royal Solutions Private Limited	Ghaziabad, Signature Global Mall, Plot No - 6 Sector - 3, Vaishali, Uttar Pradesh, Office No - 308 3Rd Floor, Ghaziabad	India	multi_4_plus	India__multi_4_plus
S1-74686397	Plumbers Local 307	197 Mcrae Circle, Mount Gilead, NC	US	singleton_0	US__singleton_0
S1-736903406	Step Law Chambers Private Limited	Hn 82, Plot No 404, Ward No 32, Gaya, Bihar	India	singleton_0	India__singleton_0
S1-705225671	Vinet Atlantic Consultants	355 S Shore Road, Madawaska Lake Twp, ME	US	multi_4_plus	US__multi_4_plus
S1-719355504	Stephens Management LLC	54 Windmill Road, Hyde Park, NY	US	multi_4_plus	US__multi_4_plus
S1-640470425	Raynell's Optimal Distribution	9415 Fillmont Lane, Houston, TX	US	multi_2_3	US__multi_2_3
S1-604243277	Medi Software Pvt. Ltd.	4Th Floor, Gd Itl, North Ex Tower Plot No. A- 09, Netaji Subhash Place, 413, Delhi, North West, Pitampura	India	multi_4_plus	India__multi_4_plus
S1-782713637	Ardelis H. Marsh, D.C.	165 Lindbergh Drive, Atlanta, GA	US	multi_4_plus	US__multi_4_plus
S1-108346514	Continental Program II	16 Weyants Lane, Newburgh, NY	US	single_1	US__single_1
S1-424056867	Red Infra Pvt Ltd	Mumbai, Maharashtra, Mumbai, 35 K Lami Indl Estatenew Link Rd Andheri (W)	India	multi_4_plus	India__multi_4_plus
S1-514306947	Maurita's Crystal Wellness	1513 Fallcreek Court, Allen, TX	US	multi_2_3	US__multi_2_3
S1-578844448	Alfa & Sons Private Limited	192-193 Ist Floor, Trichy Main Road, Salem, Tamil Nadu	India	multi_2_3	India__multi_2_3
S1-482358496	Pioneer Agro Private Limited	Old Survey No. 57/3, 4, 8, 59/1, New Survey No.97, M, Nr, National Miplastic, Kashimira, Thane, Maharashtra	India	multi_2_3	India__multi_2_3
S1-513595013	Skn Breeze Private Limited	C/O Amiteshwar Anand Yarpur Rajputana, Patna, Bihar	India	multi_2_3	India__multi_2_3
S1-63218603	Vision Tech Limited	Flat No.401, G Wing, Shevanti Park, Gone Nagar, Shahapur, Thane, Maharashtra	India	multi_2_3	India__multi_2_3
S1-127314399	Dermatology Center	1925 Autumn Shade Drive, Cary, NC	US	multi_4_plus	US__multi_4_plus
S1-794089336	Madras Rajendra Private Limited	Ward No-35, Near Bi Ba Di Sangha, Rajganj, Jalpaiguri, West Bengal	India	multi_2_3	India__multi_2_3
S1-576403469	Federal Signature Titan Inc.	9568 Keeneland Drive, Brentwood, TN	US	multi_4_plus	US__multi_4_plus
S1-238115724	Cogent & Associates	Office No 601, 6Th Floor, Business Centre, Nashik, Maharashtra	India	multi_2_3	India__multi_2_3
S1-435684349	Decode (India) Arcade Private Limited	A 4 5, Ganeshkrupa Socy, Chikuwadi, Vadodara, Gujarat	India	single_1	India__single_1
S1-531082345	VP Barings	19403 Enchantington Circle, Spring, TX	US	multi_2_3	US__multi_2_3
S1-159426994	Womens Health Medicine	Laurel, 33258 Shockley Road, DE	US	multi_2_3	US__multi_2_3
S1-784603166	Cancer Agro Pvt. Ltd.	Etah, Zila Panchayat Compound, G. T. Road, Uttar Pradesh, 17-18	India	multi_4_plus	India__multi_4_plus
S1-760807491	Happy Andmarketing Private Limited	474/47/02-Reti Mohala Sitapur Road Khadra, Lucknow, Uttar Pradesh	India	multi_4_plus	India__multi_4_plus
S1-451180576	Hart Global Chimera LLC	NY, 3734 Paulding Avenue, Bronx	US	multi_4_plus	US__multi_4_plus
S1-25587016	Beacon Highland Solar LLC	69 Brayton Avenue, Unit 3, Fall River, MA	US	multi_2_3	US__multi_2_3
S1-430051949	Shakti Properties Private Limited	No.4Jc-129, 4 J Cross, Kasturinagar, East Of Ngef, Bangalore North, Bangalore, Karnataka	India	multi_2_3	India__multi_2_3
S1-883265845	Shree Infotech Private Limited	Mumbai City, Mumbai, Vakola Municipal School, Maharashtra, Ground Floor, Vakola, Santacruz East	India	multi_4_plus	India__multi_4_plus
S1-674251950	New Life Synagogue	NM, Penasco, 2990 State Hwy 76	US	multi_2_3	US__multi_2_3
S1-924871555	Galaxy Estate Limited	C-2/114 Printer Apartments Sector 13 Rohini, New Delhi, Delhi	India	multi_4_plus	India__multi_4_plus
S1-618544321	Binning Express Associates Inc	13335 Watertown Plank Road, WI, Village Of Elm Grove, Unit Unit 311	US	singleton_0	US__singleton_0
S1-342757837	Family Initiative Inc	704 Pasley Avenue, Atlanta, GA	US	multi_4_plus	US__multi_4_plus
S1-585526799	Endure Media Private Limited	P. No 335 Shiv Nagar Colony, Chhola Bhopal, Bhopal, Madhya Pradesh	India	multi_2_3	India__multi_2_3
S1-666519510	Mcguire Capital Eastern LLC	3105 26th Place, Tulsa, OK	US	multi_4_plus	US__multi_4_plus
S1-849616147	Al Solutions Private Limited	11/C Fraser Road Budh Vihar Fraser Road Area, Patna, Bihar	India	multi_2_3	India__multi_2_3
S1-661155477	Credible Networks Private Limited	243, Office 202, Vidhyadhar Heights, Laxmi Road, Pune City, Pune, Maharashtra	India	multi_2_3	India__multi_2_3
S1-515803087	Salisbury Bioworks LLC	3105 Flemming Road, Middletown, OH	US	multi_4_plus	US__multi_4_plus
S1-152418104	Platinum Analytics Technologies-Wilson	Wilson, 4055 Seven Springs Drive, WY	US	multi_4_plus	US__multi_4_plus
S1-73647500	Keystone Genomic Advisors	Lewisville, NC, 470 Sunset Ridge Drive	US	multi_2_3	US__multi_2_3
S1-529046082	Hari Management Private Limited	Shop No 2, Ground Floor Sri Niwas Puri, I Market Opp Mother Dair, Y, New Delhi, South Delhi, Delhi	India	multi_4_plus	India__multi_4_plus
S1-503260332	Dynamic Hospitality Associates L.L.C.	236 17, Vestal, NY	US	multi_4_plus	US__multi_4_plus
S1-297868773	American Dragon	NY, Staten Island, 568 Cary Avenue	US	multi_2_3	US__multi_2_3
S1-160769369	Prime Harbor Jab LLC	2700 Charlotte Avenue, Unit 422, Nashville, TN	US	multi_2_3	US__multi_2_3
S1-135958603	Golden Om Properties Pvt Ltd	N-108, South Avenue Lane W-17S, Sainik Farms, New Delhi, Delhi	India	singleton_0	India__singleton_0
S1-335728544	Canales and Killingsworth LLC	7800 Greenbrook Drive, Greenbelt, MD	US	multi_4_plus	US__multi_4_plus
S1-303700722	Safar Investment Private Limited	Plot No 500, 501, 505, 506, Sy No 300-303, 306 To 311, 313 To 315, Narsingi Village, Gandipet Mandal, Rangareddy, Telangana	India	multi_4_plus	India__multi_4_plus
S1-939787179	All Investments Limited	98/99 Oshiwara Coommercialcomplex Near Oshiwara Police Station Jogeshwari West, Mumbai, Mumbai City, Maharashtra	India	multi_2_3	India__multi_2_3
S1-817083015	Beed Projects LLP	Jitendra Medical & General Stores Peth, Beed, Bid, Maharashtra	India	multi_4_plus	India__multi_4_plus
S1-294375184	Li, Lopez & Nemmers Farms Partners	18 Holly Street, Unit 1, Salem, MA	US	multi_4_plus	US__multi_4_plus
S1-847865812	Indian Producer Private Limited	146, Kandasamy Layout, Sivananda Colony, Coimbatore South, Coimbatore, Tamil Nadu	India	multi_4_plus	India__multi_4_plus
S1-814580291	Andromeda Tech Private Limited	Shop No:2, Plot No:286/1, Sadanand Palace, Near Signal Point, Chalisgaon, Jalgaon, Maharashtra	India	multi_4_plus	India__multi_4_plus
S1-788209549	Jones Investments	14796 Haven Drive, Apple Valley, MN	US	multi_2_3	US__multi_2_3
S1-842959573	Sissy's Great Ventures LLC	3112 Sunflower Lane, Brookshire, TX	US	multi_2_3	US__multi_2_3
S1-26077265	Lakshmi Finance Private Limited	F 21, 1St Floor, Kohinoor Mall, Kirol Road, Kurla West, Mumbai, Mumbai City, Maharashtra	India	multi_2_3	India__multi_2_3
S1-343454703	Rose Dogecoin LLC	14918 Carolina Falls Lane, Cypress, TX	US	multi_4_plus	US__multi_4_plus
S1-326460389	Merrill, Stevens and Baskerville Inc	1059 Manchester Avenue, Norfolk City, VA	US	multi_4_plus	US__multi_4_plus
S1-4467918	606 Sixth Properties LLC	603 Short Street, Mckinney, TX	US	singleton_0	US__singleton_0
S1-516233078	Vaayuaksh Consultants Limited	Panchasakha Nagar, Plot-841/3533 Khata-432/2576, Bhubaneswar, Khordha, Orissa	India	multi_4_plus	India__multi_4_plus
S1-653172248	Sai Technologies LLP	Door No. 50-50-30/12/1, 3Rd Floor Vandana Plaza, Opp Gurudwara Bus Stop, N, H 5 Road, Visakhapatnam, Vishakhapatnam, Andhra Pradesh	India	multi_2_3	India__multi_2_3
S1-983020527	NDX Infrastructures Limited	C/O. Kifta, 203, Sarat Bose Road, 3Rd Floor, Nr-Canara Bank Building, Kolkata, Kolkata, Howrah, West Bengal	India	multi_4_plus	India__multi_4_plus
S1-509404296	Primary Care Empire Medicine LLC	9860 Heather Lane, Fl 1, Beaverton, OR	US	multi_2_3	US__multi_2_3
S1-691291923	Vairam Industry Private Limited	D No 26 38 94 14Th Line A T Agraharam, Guntur, Andhra Pradesh	India	single_1	India__single_1
S1-582257781	Leela Vrooman, CPA	6927 Skylar Drive, Rio Rancho, NM	US	multi_4_plus	US__multi_4_plus
S1-675900360	SE Paper LLP	8-2-415 Road No 4 Flat-Bg, Khairatabad, Hyderabad, Telangana, Signature One Apartment	India	multi_4_plus	India__multi_4_plus
S1-238919855	AF Services Private Limited	Plot-159, Near Bishnu Mandir Sahid Nagar, Bhubaneswar, Bhubaneswar, Khordha, Orissa	India	singleton_0	India__singleton_0
S1-319466567	Bhabani Eservices Limited	S.C Colony, M.Thurkapally, Telangana, Nalgonda, 5-23, Bhongiri	India	multi_2_3	India__multi_2_3
S1-676648395	Bhubaneswar India	Rev. Plot No. 1063, Duplex No. 40, Golden Arena, Balianta, Bhubaneswar, Khordha, Orissa	India	multi_2_3	India__multi_2_3
S1-821063848	Family Safe Health, L.L.C.	92 Pine Street, Newport City, VT	US	multi_4_plus	US__multi_4_plus
S1-567694717	Premier Legal Private Limited	Rachana Sayantara-I, Appt F No 116 A Hazaripahad Nagpur, Nagpur, Maharashtra	India	multi_4_plus	India__multi_4_plus
S1-206894799	Dynamic Exports Pvt Ltd	#56, Saint Thomos School Road, Industrial Suburb, Vishweshwara Nagar, Mysore, Karnataka	India	multi_4_plus	India__multi_4_plus
S1-788276966	Ar Investments (India) Private Limited	West Bengal, Kolkata, P 375 Block G New Alipore, Calcutta	India	multi_4_plus	India__multi_4_plus
S1-471036556	Continental International School	C-450 Sector-10, Noida, Gautam Buddha Nagar, Uttar Pradesh	India	multi_2_3	India__multi_2_3
S1-81446934	Dodi Deem, Ph.D., PC Partners	1311 Sue Barnett Drive, Houston, TX	US	multi_4_plus	US__multi_4_plus
S1-108761292	Schmidt, Nonna E., L.C.S.W., PC	2103 Lark Lane, Taylor, TX	US	multi_2_3	US__multi_2_3
S1-74407632	Smart Enterprises of Madras-18. LLP	Madras-18., Tamil Nadu, Chennai, No. 79, Mowbrays Rd, Madras-18., Kalpatoru	India	multi_2_3	India__multi_2_3
S1-947094887	Brs Traders	502, B1 Milan Vihar Apartment, I.P. Extension, Patparganj, Delhi, East Delhi, Delhi	India	singleton_0	India__singleton_0
S1-940288600	Augment Memorial Trust	B 47 Ff Ashoka Niketan, East Delhi, Delhi	India	multi_2_3	India__multi_2_3
S1-770963722	Howard, Smith and Anderson, Inc	71 Hemlock Place, Middletown, CT	US	multi_4_plus	US__multi_4_plus
S1-693611543	Gulf Committee Care	4390 Brushy Creek Road, Unit A, Round Rock, TX	US	multi_4_plus	US__multi_4_plus
S1-648158272	Floyd and Sconiers Corp	741 Tom Brown Road, Vine Grove, KY	US	multi_4_plus	US__multi_4_plus
S1-136767225	Wildlife Alliance Inc	8007 Beech Ave, Lyndon, KY	US	multi_2_3	US__multi_2_3
S1-273534049	Smart Eastern Investments Private Limited	No.20/11, 2Nd Floor, 1St Main, 5Th Cross, Chinnappa Garden, Bengaluru, Bangalore, Karnataka	India	multi_4_plus	India__multi_4_plus
S1-13938633	Vision Center, LLC	12709 Council Bluff Drive, Austin, TX	US	multi_4_plus	US__multi_4_plus
S1-829924536	ZTH Insurance Limited	A-116 Urbtech Trade Centre Sec-132, Noida, Gautam Buddha Nagar, Uttar Pradesh	India	multi_2_3	India__multi_2_3
S1-99954233	Assam Solutions Private Limited	Delhi, East Punjabi Bagh, 3/27A, New Delhi	India	multi_4_plus	India__multi_4_plus
S1-378609926	1 800 Got Junk	725 Statesville Road, Como, NC	US	multi_4_plus	US__multi_4_plus
S1-787530179	Strategic Landscaping	2080 Meadowbrook Road, Rocky Mount, NC	US	multi_2_3	US__multi_2_3
S1-768064465	Clyium Managed LLC	431 Dead Indian Memorial Road, Unit 12, Ashland, OR	US	multi_4_plus	US__multi_4_plus
S1-578371188	Juarez Creative Steers LLC	3411 Huntsburger Drive, Barberton, OH	US	multi_2_3	US__multi_2_3
S1-147676645	Digital Peace Limited	C/O Inderjit Singh, Village Satiyewala, Firozepur, Firozpur, Punjab	India	multi_4_plus	India__multi_4_plus
S1-344437402	Borders National Community Care	7039 Ave N, Houston, TX	US	multi_2_3	US__multi_2_3
S1-972480708	Primary Care Clinic of Lewiston	25 Edward Avenue, Lewiston, ME	US	multi_4_plus	US__multi_4_plus
S1-28678758	PW Qdro Inc.	200 Reeve Street, Sublette, IL	US	multi_2_3	US__multi_2_3
S1-700236999	Dausa Rubber Ltd	C/O Girraj Prasad Yogi, Rehdiya, Chandera, Sikrai, Dausa, Rajasthan	India	multi_4_plus	India__multi_4_plus
S1-584941835	Prime Projects Private Limited	House No. 154, Ward No. 1 Damahe, Near Bus Stand, Nagardhan, Taluka Ramtek, Nagpur, Maharashtra	India	multi_4_plus	India__multi_4_plus
S1-999617935	Spectre Traders Private Limited	Shop No.2, Building No 54, Adarsh Avenue Chs Ltd., Tagor Nagar, Vikhroli East, Mumbai City, Maharashtra	India	multi_2_3	India__multi_2_3
S1-327788855	Anita Telecom	Tamil Nadu, Chennai, Pancharathna Apartments, Welcome Colony, Anna Nagar West Extn., Flat No.3/13	India	multi_4_plus	India__multi_4_plus
S1-749471562	Scholarship Institute Inc.	1401 North Avenue, Tonkawa, OK	US	multi_4_plus	US__multi_4_plus
S1-973892312	Annabel Phillips Anchor Pimco Corp	123 Spring Cove Drive, Cary, NC	US	multi_4_plus	US__multi_4_plus
S1-184677540	Spice Sons (India) Co	Sco.- 45, 1St Floor Cabin No.- 9, Sec.- 11, Panchkula, Haryana	India	multi_2_3	India__multi_2_3
S1-751888247	Jerrell Ashford	6 Park View Drive, Perinton, NY	US	multi_4_plus	US__multi_4_plus
S1-677953285	Collins Patriot Automobile	CA, Fairfield, 620 Asbury Lane	US	multi_2_3	US__multi_2_3
S1-448949651	Lopes Family Practice	648 Ord Mountain Road, Globe, AZ	US	multi_4_plus	US__multi_4_plus
S1-399029451	Global Builders Private Limited	4805/24 Fourth Floor Pvt-2, 24.Bharat Ram Road Darya Ganj, Delhi, Central Delhi, Delhi	India	multi_2_3	India__multi_2_3
S1-117156516	East Consultants Private Limited	Madurai, First Floor, 144, Bye Pass Road Fathima Nagar, Tamil Nadu	India	multi_2_3	India__multi_2_3
S1-306670181	Sree Logistics Private Limited	Kalpataru Estate, Ph 3 9B/104, Jawalkar Nagar, Pimple Gurav, Pune, S No 85/86, Maharashtra, Pune	India	multi_2_3	India__multi_2_3
S1-984081996	Green Aura LLC	5748 Waterbury Way, Unit I, Murray, UT	US	multi_2_3	US__multi_2_3
S1-759871922	Fontanez Fortis LLC	116 Southern Oaks Drive, Unit Apartment 704, Opp, AL	US	multi_2_3	US__multi_2_3
S1-697774056	Corinth Hunger Reliable Initiative	121 Tannery Hill Road, Corinth, NY	US	singleton_0	US__singleton_0
S1-393157555	Golden Ice Cream!	307 Belleville Street, Freeburg, IL	US	multi_4_plus	US__multi_4_plus
S1-528999441	Pacific Can	903 Main Street, Bourbon, IN	US	multi_2_3	US__multi_2_3
S1-578549069	Solic Ingredients	3754 Badger Run, Denver, NC	US	multi_4_plus	US__multi_4_plus
S1-91217239	Smalley & Segovia Inc	6948 Desert Candle Drive, Chesterfield County, VA	US	multi_2_3	US__multi_2_3
S1-493585436	Rector (India) Infra Private Limited	Maharashtra, Kushi Axis World, Mankoli, Thane Dombivali Link Road, Thane, Bhiwandi, Unit No-456	India	multi_4_plus	India__multi_4_plus
S1-322759440	Amber Intelligence LLC	MD, Baltimore, 804 Lyndhurst Street	US	multi_2_3	US__multi_2_3
S1-711570846	Ardyce N. Hermansen, P.A., DDS PC	347 Cinnamon Tea, Graford, TX	US	multi_4_plus	US__multi_4_plus
S1-173915900	Diamond Freight Works	303 Meadow Street, Grant Park, IL	US	multi_4_plus	US__multi_4_plus
S1-771849721	Green Builders Limited	2/165, Thuraiyur To, Uppiliyapuram Main Road, Turaiyur, Tiruchirappalli, Tamil Nadu	India	multi_4_plus	India__multi_4_plus
S1-553498803	Vision Superior Care Associates	25 Hickory Drive, East Hills, NY	US	single_1	US__single_1
S1-907374483	Mudit Law Chambers	R.No.10, 1St Floor, 14/16, Popatwadi, Kalbadevi Road, Mumbai, Maharashtra	India	multi_4_plus	India__multi_4_plus
S1-861745681	Regional Coalition	453 Henson Street, El Campo, TX	US	singleton_0	US__singleton_0
S1-102258592	OV Creative Cohen, LLC	2501 Fair Meadows Drive, Unit 246, Springfield, OH	US	multi_2_3	US__multi_2_3
S1-876910125	MQ Gulf Dental Inc	62 Sherburne Avenue, Unit 6, Tyngsborough, MA	US	multi_2_3	US__multi_2_3
S1-285643289	Grand Blue Fargo	1715 Valley Wind Lane, Missoula, MT	US	multi_4_plus	US__multi_4_plus
S1-890533562	CA Imf Pvt Ltd	Shop 15, Sankalp Siddhi, Sector-5A Karanjade, Panvel, Raigarh(Mh), Maharashtra	India	multi_2_3	India__multi_2_3
S1-632486826	Devine Management Private Limited	Mustil No. 8, Qila No. 16 & 17, Vill-Bijwasan, Salahpur Khera, South West Delhi, Delhi	India	multi_4_plus	India__multi_4_plus
S1-422936323	Ivenic Enterprises	101 Sessions Avenue, Enterprise, AL	US	multi_4_plus	US__multi_4_plus
S1-510104159	Electricians Local Union 524	659 Auburn Avenue, Unit 137, Atlanta, GA	US	multi_4_plus	US__multi_4_plus
S1-994617850	Good Care Private Limited	Sno190/191 Sucasa Complex, Behind Datta Mandir, Pune City, Pune, Maharashtra	India	multi_2_3	India__multi_2_3
S1-235299874	Signature Comstock Inc	402 Wilson Street, Struthers, OH	US	multi_4_plus	US__multi_4_plus
S1-94427972	Pacific Classic Pinnacle L.L.C.	2600 5th Avenue, Amarillo, TX	US	multi_4_plus	US__multi_4_plus
S1-55477620	Szewczyk Cosmetics	6201 Lakeside Avenue, Henrico County, VA	US	single_1	US__single_1
S1-482598487	Family Pacific Partners PLLC	268 Robinson Street, Baltimore, MD	US	singleton_0	US__singleton_0
S1-720790382	Primary Care Medicine	140 Brookline Avenue, Wallkill, NY	US	multi_4_plus	US__multi_4_plus
S1-227560287	Valley Allstate	350 Claremont Avenue, Tonawanda, NY	US	multi_2_3	US__multi_2_3
S1-953947023	Lnj Tradex Limited	Delhi, Industrial Area, A-63 Second Floor G T Karnal Road, Delhi, North West	India	multi_4_plus	India__multi_4_plus
S1-923952046	Larea	40580 Bosque Road, Hempstead, TX	US	multi_4_plus	US__multi_4_plus
S1-471010861	Om Finance Private Limited	Sy No. 36/3 Chikkakasankandi, Hosahalli Post, Koppal, Karnataka	India	multi_2_3	India__multi_2_3
S1-514118654	Suppliers Engineers (India) Private Limited	1-92/1/24/A/17, Plot No.17, Matha Bhubanes Ram And Ram Exclusives, Madhapur, Hyderabad, Telangana	India	singleton_0	India__singleton_0
S1-477308019	Cardiology Center Group	930 600, Logan City, UT	US	multi_2_3	US__multi_2_3
S1-457336979	Guerra & Bustamante Inc	6404 Croom Station Road, Upper Marlboro, MD	US	multi_2_3	US__multi_2_3
S1-224765595	Mumbai Pharma Private Limited	Ara Law, 3/F, Mahatma Gandhi Memorial Building 7, Netaji Subhash Road, Charni Road West, Mumbai, Mumbai City, Maharashtra	India	multi_4_plus	India__multi_4_plus
S1-594962217	Value Silver Private Limited	309 Navratan 69 P Dmello Road Carnuc Bunder, Mumbai, Maharashtra	India	multi_2_3	India__multi_2_3
S1-791934662	Golden Cea	NC, Holly Springs, 6744 Rex Road	US	multi_2_3	US__multi_2_3
S1-571777559	Blue Power Private Limited	Plot No 78 Ajmer Road, Sukhadiya Nagar, Bhilwara, Bhilwara, Rajasthan	India	multi_2_3	India__multi_2_3
S1-655725251	Tech Solutions Private Limited	752, 2Nd Floor, Shivleela Chambers, R. B.Kumthekar Marg, Pune, Maharashtra	India	multi_4_plus	India__multi_4_plus
S1-939277152	JYH India Private Limited	D-10/5, Okhla Industrial Area, Phase-I, New Delhi, Delhi	India	multi_2_3	India__multi_2_3
S1-499342988	Gujarat Golden Constructions Private Limited	P-104, Bangur Ave, Bl-D, Fl-3, 1St Floor, Jessore Road, North 24 Parganas, West Bengal	India	multi_4_plus	India__multi_4_plus
S1-706334875	Products Andaman Consultants Private Limited	No.8, Old No. 11, 6Th Cross Street, Karpagam Gardens, Adyar, Chennai, Tamil Nadu	India	multi_4_plus	India__multi_4_plus
S1-768827157	Retail Traders Ltd	Tulasi House6-4-6 Arundel Pet, Guntur., Andhra Pradesh	India	multi_4_plus	India__multi_4_plus
S1-790654275	Agarwal Solutions	179, Addis Street Grey Town, Coimbatore, Tamil Nadu	India	multi_2_3	India__multi_2_3
S1-982121857	Sai Producer Private Limited	National Highway No. 8, Rajsamand, Rajasthan	India	multi_4_plus	India__multi_4_plus
S1-749693622	J/N Nuclear Inc	183 Woodruff Avenue, Toledo, OH	US	multi_4_plus	US__multi_4_plus
S1-177881010	QN Innovations Private Limited	Allahabad, Uttar Pradesh, 109A, Shivkuti Teliyerganj, Allahabad	India	multi_2_3	India__multi_2_3
S1-843186537	Kalyani Medical Centre Private Limited	Rashmi Parkshanti Nagar Mira Road (E), Mumbai, Maharashtra	India	multi_4_plus	India__multi_4_plus
S1-658439443	Central Products Private Limited	C/O Satendra Verma, 224, Nizampur Malhaur Nizampur, Lucknow, Uttar Pradesh	India	multi_4_plus	India__multi_4_plus
S1-942374401	BX Creative Ridge LLC	808 Elm Boulevard, Winchester, IN	US	multi_2_3	US__multi_2_3
S1-812818614	Gabrion Inc	4225 Slate Bridge Road, Edmond, OK	US	multi_2_3	US__multi_2_3
S1-966218415	Best Technology Private Limited	Flat No 303, 11 Hill View, Cts 1049/1064/11, Shivaji Nagar, Pune, Maharashtra	India	multi_4_plus	India__multi_4_plus
S1-918839632	Services Gain Natural Private Limited	C/605, Pearl, Rajhans Dreams Stella Umele Bassein Road Vasai West, Thane, Maharashtra	India	multi_4_plus	India__multi_4_plus
S1-57526052	Frenzel Sunrise Inc	IL, 1158 Watson Street, Aurora	US	multi_2_3	US__multi_2_3
S1-101076392	Straight Edge Pub	515 Monroe Avenue, Mcalester, OK	US	multi_4_plus	US__multi_4_plus
S1-196721064	Zepheus Spa Inc	5504 Longview Drive, Adamsville, AL	US	multi_2_3	US__multi_2_3
S1-981054772	Crystal Consumer Digital, Corp	4528 Fauntleroy Way, Seattle, WA	US	multi_4_plus	US__multi_4_plus
S1-603931586	Womens Health Associates Inc	3360 4th Street, Unit UNIT 1108, Ontario, CA	US	multi_4_plus	US__multi_4_plus
S1-342754370	Shree Care Private Limited	1A - 201 Shilpitha Splendour, Bangalore North, Bangalore, Karnataka	India	multi_4_plus	India__multi_4_plus
S1-523454119	Universal Software Pvt Ltd	306, 3Rd Floor, Trapinex, House Chinchbunder, Mumbai, Maharashtra	India	multi_4_plus	India__multi_4_plus
S1-606725408	Green Consulting Pvt Ltd	M-171, Greater Kailash-Ii, New Delhi, Delhi	India	multi_4_plus	India__multi_4_plus
S1-972834077	WXO Kalyan Private Limited	Plot No. 233, Ward - 8/A Citystar (Gandhidham) Owners Association, Tenement No. 5, Kachchh, Gandhidham, Gujarat	India	single_1	India__single_1
S1-106296110	Straight Edge Book Store Inc	155 Robert Drive, Westminster, SC	US	singleton_0	US__singleton_0
S1-428406155	Custom Security Services	17 7th Street, Indiana, PA	US	singleton_0	US__singleton_0
S1-928475010	Plr & Sons Limited	West Ghoshpara Road Choumatahap O Ichapore Nawabganj, 24-Pgs-North, North 24 Parganas, West Bengal	India	multi_4_plus	India__multi_4_plus
S1-152649702	Innovative Media Limited	Humpipe Factory Compound, Lakhibag Post Buniyadganj, Gaya, Bihar	India	multi_4_plus	India__multi_4_plus
S1-301613524	Samman Ceramics Private Limited	251, Sector 4, Panchkula, Haryana	India	multi_2_3	India__multi_2_3
S1-903489002	Marketing Trend Media Private Limited	R-103, F-1, 16/24, Bake House Kala Ghoda Maharashtra Chamber Of Commerce Lane, Mumbai, Mumbai City, Maharashtra	India	multi_4_plus	India__multi_4_plus
S1-977485405	Ahmedabad Agro Limited	A 902, Swarnim Square, B/H Nirma University, Near Malabar County 1, S. G. Highway, Ahmedabad, Gujarat	India	singleton_0	India__singleton_0
S1-147057413	PK Premier Morgan LLC	4420 Beaver Vista Road, Rimrock, AZ	US	multi_2_3	US__multi_2_3
S1-121839562	Horizon Wholesale Labs LLC	OH, 7495 Lauren J Drive, Mentor	US	multi_4_plus	US__multi_4_plus
S1-800321942	Mittal Information Ltd	1429/5, Gala No. T-106. 1St Floor, Jai Matadi Compound, Kalher, Bhiwandi, Thane, Maharashtra	India	single_1	India__single_1
S1-923341705	Balaji Consulting Private Limited	Flat No. 5, Sarang, Malhar Co-Op Housing Society, S. No.72, Near Surya Building, Haveli, Pune, Maharashtra	India	singleton_0	India__singleton_0
S1-685227936	Minter, Holt & Gass Merger	7764 160, Walnut Shade, MO	US	multi_2_3	US__multi_2_3
S1-655066684	Urology Care Inc	Unit 106, TX, City Of El Paso, 1300 Airway Boulevard	US	multi_4_plus	US__multi_4_plus
S1-677879814	Chandrika Technologies Private Limited	503/504, 5Th Floor, Samartha Sampada, 120, Wide Dp Road Andheri West, Mumbai, Mumbai City, Maharashtra	India	multi_2_3	India__multi_2_3
S1-179075655	<CITY_NAME> Infoway	Vill. - Chotoposhla, P.O.- Baroposhla P.S. - Mangalkote, Burdwan, West Bengal	India	multi_2_3	India__multi_2_3
S1-834885269	Pioneer & Brothers Private Limited	5Th Floor, Wavoo Mansion, No.58/39, Rajaji Salai, Chennai, Tamil Nadu	India	multi_2_3	India__multi_2_3
S1-753157613	High Tech Marketing	50, Akbar Sahib St., Triplicane, Madras, Tamilnadu, Chennai, Tamil Nadu	India	multi_2_3	India__multi_2_3
S1-17150054	Bentley, Hall & Murray LLC	384 Cimarron Drive, Floresville, TX	US	multi_2_3	US__multi_2_3
S1-452823079	Brandon All Wireless LLC	1134 Four Seasons Drive, OH, Toledo, Unit 3	US	multi_2_3	US__multi_2_3
S1-589837728	Dyeing Marketing Private Limited	Bl-2/B, 2F-Fr 10/95/4 Bejoygarh, Lp-55/9/93, Kolkata, Howrah, Kolkata, West Bengal	India	multi_4_plus	India__multi_4_plus
S1-43505848	Perfect Tech Private Limited	Bl No 6, Flat No 96, Guru Prasad 24 Bund Garden Road, Pune, Maharashtra	India	multi_4_plus	India__multi_4_plus
S1-325961681	Jones Pediatrics	16464 Elkins Road, Tucson, AZ	US	multi_2_3	US__multi_2_3
S1-178189126	Thane Marino Pvt. Ltd.	Garden Enclave, Building No. 03, Flat No. 203 Near Vasant Vihar, Thane-West, Thane, Maharashtra	India	multi_4_plus	India__multi_4_plus
S1-74917077	Golden City Enterprises Private Limited	Ts No.83, Beside Ramnagar Ward-32, Bellary, Karnataka	India	multi_2_3	India__multi_2_3
S1-177106365	Pariis Allied Two LLC	332 Corrine Drive, Gilbert, AZ	US	multi_2_3	US__multi_2_3
S1-436758737	Metropolitan Program	9413 400, Frankton, IN	US	multi_2_3	US__multi_2_3
S1-40935520	Lebanon, Town Of	713 Forrest Park Drive, Lebanon, TN	US	singleton_0	US__singleton_0
S1-252772715	Bharat Infra Private Limited	242, Rjd Integrated Textiles Park, Ichchapore, Surat, Gujarat	India	multi_4_plus	India__multi_4_plus
S1-596455020	Piedmont Charities	2575 Coal City Road, Coal City, WV	US	singleton_0	US__singleton_0
S1-915022305	Cozy Pub	3616 Peterson Avenue, Chicago, IL	US	multi_2_3	US__multi_2_3
S1-37403624	Sky Products Private Limited	Telangana, H. No. 1-2-112 Shashab Street, Old Bazar, Karimnagar	India	multi_4_plus	India__multi_4_plus
S1-613418288	R/X Network of Griffith LLC	IN, Griffith, 317 Oakwood Drive	US	multi_4_plus	US__multi_4_plus
S1-450445240	White It Private Limited	4Th Floor, 55 B Mirza Ghalib Street, Kolkata, Kolkata, Howrah, West Bengal	India	multi_4_plus	India__multi_4_plus
S1-524875124	Cathy Harvill Galaxyedge Inc	Dallas, 11734 Featherbrook Drive, TX	US	multi_4_plus	US__multi_4_plus
S1-609669425	Clean Intelligence Global Inc	50 Saint Andrews Place, Unit Apartment 7K, Yonkers, NY	US	multi_2_3	US__multi_2_3
S1-750577077	Western Artificial PLLC	17229 Capella Lane, Washington County, VA	US	multi_4_plus	US__multi_4_plus
S1-521781296	Floral & Co Co	X/658/5 Puthur Buildingserinjeri Angadi, Thrissur, Trichur, Kerala	India	multi_2_3	India__multi_2_3
S1-441816838	Johnson Liberty Gravity, Inc	333 Coburg Road, Eugene, OR	US	multi_4_plus	US__multi_4_plus
S1-60536067	Ivenify Drugs	7020 Bedrock Road, Fairfax County, VA	US	multi_2_3	US__multi_2_3
S1-696561321	Dava	1350 Ogden Avenue, Naperville, IL, Unit 210	US	multi_4_plus	US__multi_4_plus
S1-362880192	Gulf Apex LLC	1025 Holland Sylvania Road, Unit 5, Toledo, OH	US	multi_2_3	US__multi_2_3
S1-182989353	Family Custom Clinic	2517 Ballentine Boulevard, Norfolk City, VA	US	multi_4_plus	US__multi_4_plus
S1-952860608	Cascade Properties LLC	2396 Granville Road, Columbus, OH	US	multi_4_plus	US__multi_4_plus
S1-158858243	Vega PLLC	390 Airport Road, Asheville, Unit 138, NC	US	multi_2_3	US__multi_2_3
S1-299771920	Oxford Trading Private Limited	G-03 Village Garhi, Noida, Gautam Buddha Nagar, Uttar Pradesh	India	multi_4_plus	India__multi_4_plus
S1-417415127	Fresh Materials Group	24092 Nectar Avenue, Florence, AZ	US	multi_4_plus	US__multi_4_plus
S1-711611699	Nunez's Eye Care	159-02 Riverside Drive, Whitestone, NY	US	multi_2_3	US__multi_2_3
S1-988173560	Modern Clean Money LLC	401 The Greens Circle, Unit 423, Raleigh, NC	US	singleton_0	US__singleton_0
S1-884649063	Roopita Solutions Private Limited	Pune, Flat No. A502, Maharashtra, Nivedita Terrace, Survey No. 65/2 Kedari Nagar, Wanawadi	India	multi_4_plus	India__multi_4_plus
S1-486185859	Midwest Coalition	411 21st Street, Newton, NC	US	multi_4_plus	US__multi_4_plus
S1-857320472	Mitchell Platinum LLC	3335 Rocky Hock Road, Edenton, NC	US	multi_2_3	US__multi_2_3
S1-981781336	Hoyle Rio of Katy	6515 Garden Canyon Drive, Katy, TX	US	multi_2_3	US__multi_2_3
S1-752507575	Urology Medicine of Washington	Unit 301, 250 K Street, Washington, DC	US	multi_4_plus	US__multi_4_plus
S1-336476210	Gonzalez Index of Englewood	607 Taywood Road, Englewood, OH	US	multi_4_plus	US__multi_4_plus
S1-302366231	Moya, Miller and Mulligan LLC	2515 Boston Street, Unit 902, Baltimore, MD	US	singleton_0	US__singleton_0
S1-19499207	Williams & Pyle LLC	1068 Wagoner Drive, Wilmington, DE	US	multi_4_plus	US__multi_4_plus
S1-76909425	Hally Urban Fitness	254 State Avenue, Babylon, NY	US	multi_4_plus	US__multi_4_plus
S1-430985536	Lakshmi Tech Pvt. Ltd.	3510, Park Road, Gandhimanagr, Peelamedu, Coimbatore, Tamil Nadu	India	multi_4_plus	India__multi_4_plus
S1-984034653	Certified Midwest Fashion	11055 Texas State Highway 11, Sulphur Springs, TX	US	multi_4_plus	US__multi_4_plus
S1-713009011	Back Alley Nails	219 Central Street, Danville City, VA	US	multi_4_plus	US__multi_4_plus
S1-435490862	Pratishtha (India) Research LLP	H.No 22-725, Road No 12, Vinayaka Hills, Almasguda, Hyderabad, Telangana	India	multi_2_3	India__multi_2_3
S1-887637135	Agility & Brothers Private Limited	South Delhi, 2182/1A Guru Arjun Nagarsatyam Complex West Patelnagar, Newdelhi., Delhi	India	multi_2_3	India__multi_2_3
S1-25879788	UKF Chesapeake, Inc.	141 Harold Street, MA, Boston	US	multi_2_3	US__multi_2_3
S1-550832317	Storm Hernandez Abrdn	12037 Eagle Pass Drive, Chesterfield County, VA	US	multi_4_plus	US__multi_4_plus
S1-904571917	Navi Mumbai Farmer Private Limited	Plot No H-2. M.I.D.C Industrial Area Behind Hindliver, Taloja, Navi Mumbai, Raigarh, Maharashtra	India	multi_2_3	India__multi_2_3
S1-157700588	Ziratech Tech Private Limited	23 Mukhram Kanoria Road, Howrah, West Bengal	India	multi_4_plus	India__multi_4_plus
S1-353313556	Thompson, Owens and Fernandez	9218 Desirable Drive, La Porte, TX	US	multi_4_plus	US__multi_4_plus
S1-944609833	Alyce N. Schultz, Esq. Care	12156 Hidden Brook Terrace, Gaithersburg, MD	US	multi_2_3	US__multi_2_3
S1-210805484	Zephyr It Corp	Plot No. Pap-93, Midc, Panvel, Raigarh(Mh), Maharashtra	India	multi_2_3	India__multi_2_3
S1-578460979	Westfield Eye Rocky Physicians, LLC	15504 Misty Viking Road, Westfield, IN	US	multi_2_3	US__multi_2_3
S1-772578131	Pediatric Dentistry Specialists Inc	3234 Waterloo Road, French Creek, WV	US	multi_4_plus	US__multi_4_plus
S1-539850971	Cardiology Center Corp	325 Alabama Street, Unit UNIT 7, Redlands, CA	US	multi_4_plus	US__multi_4_plus
S1-131486694	Stone Brothers Private Limited	Flat F-1 Sneha Apartments 555 5Th Main 17Th Cross, New Bel Road, Bangalore, Karnataka	India	multi_2_3	India__multi_2_3
S1-717284335	Dream Global Global Private Limited	Kh-250, Pusta Road, Karawal Nagar, Delhi	India	multi_2_3	India__multi_2_3
S1-850924985	Baba Technology Private Limited	Ruisanda, O. T. Road, Inda, Kharagpur, West Bengal India, Kolkata, Midnapore, West Bengal	India	multi_2_3	India__multi_2_3
S1-481586703	Bay Institute	9313 Shoveler Trail, Fort Worth, TX	US	multi_2_3	US__multi_2_3
S1-218116579	Billingsley and Boyden	3116 Rustic Woods Drive, Bedford, TX	US	multi_4_plus	US__multi_4_plus
S1-699602090	Narayan Cosmetics Pvt Ltd	No.8, Thasami Park Residency Singanallur, Coimbatore, Tamil Nadu	India	multi_4_plus	India__multi_4_plus
S1-457275113	Royal Express Southern Co	320 University Avenue, Unit Apt 3307, Little Rock, AR	US	multi_4_plus	US__multi_4_plus
S1-191792501	Good Hospitality LLP	Nr Surdhara Circle, Thaltej, Ahmedabad, G-1203 Maple Tree, Gujarat	India	multi_2_3	India__multi_2_3
S1-396898075	Marna N. Zimmerman, DPM	530 Oak Drive, Lake Jackson, TX	US	multi_2_3	US__multi_2_3
S1-977818366	Dental Allied Medicine	5262 Clematis Way, West Jordan City, UT	US	multi_4_plus	US__multi_4_plus
S1-536680753	Tummy Green Limited	Jaipur, 555, J.P.Colony Shastri Nagar, Rajasthan, Jaipur	India	multi_2_3	India__multi_2_3
S1-245736163	Eastern Products Private Limited	105 Sir Vithaldas Chamber, 16 Mumbai Samachar Marg Fort, Mumbai, Maharashtra	India	multi_2_3	India__multi_2_3
S1-317855884	4697 Seventh Plaza Associates	101 Wc Riles Street, Unit Unit 2, Flagstaff, AZ	US	multi_4_plus	US__multi_4_plus
S1-658420757	Parimal Trading Public Limited	Flat No-608, Sandal A, Floor-6, Tower-Sandal-A, Shalimar City, Sahibabad, Ghaziabad, Uttar Pradesh	India	multi_4_plus	India__multi_4_plus
S1-790223478	Pune Capital Private Limited	Sno 55 Plot No. 22 Kumar Parishad Pune City, Wadgaon Sheri, Pune (M Corp.), Pune, Maharashtra	India	multi_4_plus	India__multi_4_plus
S1-646010389	Housing Initiative Corp	IN, 5491 Manker Street, Indianapolis	US	multi_2_3	US__multi_2_3
S1-462348603	Bright Payment Digital Corporation	183 Edgewater Avenue, Islip, NY	US	multi_4_plus	US__multi_4_plus
S1-366092445	Yang Return LLC	WI, City Of Sun Prairie, 1334 Overlook Pass	US	multi_4_plus	US__multi_4_plus
S1-82192539	Federal Society	3562 Summerwood Road, KS, Topeka	US	multi_2_3	US__multi_2_3
S1-382549381	Triolo, Moreno and Pinedo Inc.	981 Signal Crossing, Nashville, TN	US	multi_4_plus	US__multi_4_plus
S1-887389939	Insta Food Private Limited	Sln Terminus 8Th Floor, Ss Tech Park, Survey No 126, Beside Botanical Gardens, Seri Lingampally, K.V.Rangareddy, Telangana	India	multi_4_plus	India__multi_4_plus
S1-866560305	Brodrick's Financial	5211 Lincoln Street, KS, Topeka	US	multi_4_plus	US__multi_4_plus
S1-892086210	Ambassador & Partners	Plot No 481 To 485, Gg Ff, Anjani Ind. Estate V-2, Surat City, Surat, Gujarat	India	multi_4_plus	India__multi_4_plus
S1-696067581	Batala Investment Private Limited	215/3-Suresh Kumar, Punjab, Gurdaspur, Batala, Aliwal Road	India	multi_4_plus	India__multi_4_plus
S1-997517893	Bombay Estate Private Limited	Sy No. 445 & 446, Gowdavally, Medchal, Hyd, Hyderabad, Telangana	India	multi_2_3	India__multi_2_3
S1-331343904	Law Group	124 Crest Road, East Flat Rock, NC	US	multi_4_plus	US__multi_4_plus
S1-864424907	Hitech Construction Private Limited	A/501 Shivam Apts Near Kasturi School, Behind Lotus Hospital Bhandup Village Ro, Ad, Bhandu, Mumbai, Mumbai City, Maharashtra	India	multi_2_3	India__multi_2_3
S1-670002259	Lopez, Brock and Mendenhall	1637 Farmington Avenue, Farmington, CT	US	multi_2_3	US__multi_2_3
S1-522608911	Burnham, Inman and Robinson, PLLC	8617 Black Canyon Access Road, Unit 234, Phoenix, AZ	US	multi_2_3	US__multi_2_3
S1-805862571	Crowley Five	140 Michigan Avenue, Hinkle, KY	US	multi_4_plus	US__multi_4_plus
S1-140926632	Southern Berto	825 Belle Meade Drive, AL, Tuscaloosa	US	multi_4_plus	US__multi_4_plus
S1-540838328	Dg Clinic	House No. 105, M Resid Scheme Pkt - C - 7, Keshavpuram, New Delhi, North West, Delhi	India	multi_2_3	India__multi_2_3
S1-310566127	Supreme Software Private Limited	New 15 And 16, Ayyavoo Street Third Floor, Aminjikarai, Chennai, Tamil Nadu	India	multi_4_plus	India__multi_4_plus
S1-861123839	Safe Semiconductor International Inc	803 3rd Street Place, Conover, NC	US	multi_2_3	US__multi_2_3
S1-440312555	Continental Insurance Studios Inc	7000 Lake Ridge Avenue, Unit Unit 79, Des Moines, IA	US	multi_4_plus	US__multi_4_plus
S1-855787505	Blue Steels Limited	12, Floor 2, Plot-750, 20, Satnam Nagar, Dr G D Marg, Mumbai, Maharashtra	India	single_1	India__single_1
S1-148663590	Phillips Group of Toledo LLC	2844 Boxwood Road, Toledo, OH	US	multi_2_3	US__multi_2_3
S1-975681038	Great Tinto, Inc	915 71, Bldg B, Bastrop, TX	US	single_1	US__single_1
S1-144429105	Division of Parks and Recreation	1200 43rd Terrace, Kansas City, MO	US	multi_2_3	US__multi_2_3
S1-548217581	Nolan, Arthur & Mentz	1 Del Pond Drive, Unit 429, Canton, MA	US	multi_4_plus	US__multi_4_plus
S1-43143155	Kivi & Co Private Limited	Telangana, Plot 28A, Ida Nacharam, Hyderabad	India	multi_4_plus	India__multi_4_plus
S1-908129336	Prime Pacific Battery Inc.	8053 Gatehouse Road, Unit STE 19, Fairfax County, VA	US	multi_4_plus	US__multi_4_plus
S1-404514154	Creo Hanuman Pvt Ltd	Plot No. 78 Gf, B Block, Mangolpuri, Ind. Area, Delhi, North West Delhi, Delhi	India	multi_2_3	India__multi_2_3
S1-781210509	Dorena Richardson Vanguard Nextera Inc	31 Augusta Avenue, Amherst, NY	US	single_1	US__single_1
S1-71116878	Urban & Co	38 Uday Park, New Delhi, South Delhi, Delhi	India	multi_4_plus	India__multi_4_plus
S1-445619175	Wellworth Agency Private Limited	Oxford Symphony, 8B Kalavathy Cross Road, Opposite To Emc Hospital, Nh Bypass, Pala, Rivattom, Ernakulam, Kerala	India	multi_4_plus	India__multi_4_plus
S1-428832554	Sumptuous Traders Private Limited	C/O. Kamlakar Pagar, Row House. 1, Shiv Aradhana Park, B/H Sapna Cinema, Nashik, Maharashtra	India	singleton_0	India__singleton_0
S1-736637823	Iron Farmer Private Limited	Swasthya Kalyan Bhawan Narain Singh Road, Near Tirmurti Circle, Jaipur, Rajasthan	India	multi_4_plus	India__multi_4_plus
S1-952571031	Pediatric Dental Associates LLC	109 Adams Street, Elmhurst, IL	US	multi_4_plus	US__multi_4_plus
S1-805963237	Blue Bistro LP	516 Ferry Street, Gladewater, TX	US	multi_2_3	US__multi_2_3
S1-148965519	Siliguri Mahila Private Limited	Siliguri, West Bengal, Jeevan Deep Building 4Th Mile, Sevoke Road, Salugara, 4Th Floor, Jalpaiguri	India	multi_4_plus	India__multi_4_plus
S1-932913306	Drucie Cruz Pinnacle Industrials L.L.C.	50 Evergreen Drive, Shelton, WA	US	multi_2_3	US__multi_2_3
S1-516547651	NHK Infotech Private Limited	Flat No. 12, Anandmayee Society, Behind Ranka Jewelers, Karve Road, Pune, Maharashtra	India	multi_2_3	India__multi_2_3
S1-378024246	Bright Systems Pvt Ltd	55, Geeta Path, Suraj Nagar, Civil Lines, Jaipur, Rajasthan	India	multi_4_plus	India__multi_4_plus
S1-405295624	Guru Consultancy Pvt Ltd	Level 3Rd And 4Th India Accelerator, Bptp Centra One, Sector 61 Golf Course Extension Road, Bhondsi, Gurgaon, Haryana	India	multi_4_plus	India__multi_4_plus
S1-773275466	Dlg Traders Private Limited	Plot No.410, Road No.22, Jubilee Hills, Hyderabad, Telangana	India	multi_2_3	India__multi_2_3
S1-234624983	NEJ Infra Center	7-40-6/6, Satyavathi Nagar, 1St Street, Near Govt Hosp, Tadepalligudem, West Godavari, Andhra Pradesh	India	singleton_0	India__singleton_0
S1-970491860	Corcoran Blue Eqv LLC	3229 Denman Street, Fort Worth, TX	US	multi_4_plus	US__multi_4_plus
S1-832233358	New Brothers Private Limited	3/211-212 Nariman Colony Station Road, Bareilly, Uttar Pradesh	India	multi_4_plus	India__multi_4_plus
S1-773233412	Rajat Memorial Trust	C/O Shiv Battery Service, Mayurnagar Shop No.8, Dhrangadhra, Surendranagar, Gujarat	India	multi_2_3	India__multi_2_3
S1-100161351	Shivam Infotech Private Limited	Survey No.539P1, Khokra Hanuman Temple Road Village:Bela (Rangpar), Morbi, Rajkot, Gujarat	India	multi_2_3	India__multi_2_3
S1-996565768	Capital Federal Vaneck Inc	73055 Morgan Hill Road, Saint Clairsville, OH	US	multi_2_3	US__multi_2_3
S1-441339507	Steelworkers Union Local No 751	8206 Jacks Hidden Cv, Louisville, KY	US	multi_4_plus	US__multi_4_plus
S1-365397427	Sree Infra Limited	Co Shri D S Patil, At Takpura Post Akot, Akot, Akola, Maharashtra	India	singleton_0	India__singleton_0
S1-547231913	Kayle Thompson Federal Cslm, LLC	407 Garcia Street, San Diego, TX	US	multi_4_plus	US__multi_4_plus
S1-825850352	India Budge Limited	116 Floor Plot267 Atoz Industrial Estate Ganpatrao Kadam Marg Lower Parel Delisleroad, Mumbai, Mumbai City, Maharashtra	India	single_1	India__single_1
S1-501760502	Mumbai Engineers Private Limited	Office No-501 5Th Floor Multilink House 3Rd Road Khar West, Mumbai, Maharashtra	India	multi_2_3	India__multi_2_3
S1-576417930	Universal Business	Rahul Singh Kal 707 Kardmeshwar Puram Colony Kandawa, Varanasi, Uttar Pradesh	India	singleton_0	India__singleton_0
S1-578419293	Tejaya Infra Private Limited	29/B, Pradeep Nagar, Vizianagaram, Vizianagaram, Andhra Pradesh	India	multi_4_plus	India__multi_4_plus
S1-934560237	Emerald PLLC	5522 Venice Street, Houston, TX	US	multi_4_plus	US__multi_4_plus
S1-542989178	Urgent Care United Associates	234 Whitesell Street, Unit 204, Monmouth, OR	US	multi_4_plus	US__multi_4_plus
S1-511057236	Velasco Cardiology	AR, 4164 Dizzy Dean Road, Booneville	US	multi_4_plus	US__multi_4_plus
S1-454794696	Scholarship Association	2516 Sheridan Road, Washington, Unit 202, DC	US	multi_4_plus	US__multi_4_plus
S1-289428036	Auron Xrp LLC	17209 Gabbro Drive, TX, Pflugerville	US	multi_4_plus	US__multi_4_plus
S1-327546569	Rose Ferrous Pvt Ltd	No.721 Nandana 18Th Main, Narayana Nagar 1St Block, Bangalore South, Bangalore, Karnataka	India	multi_4_plus	India__multi_4_plus
S1-902534633	Britton Trusted Produce	190 Windy Lane, Unit 05, Rocky Mount Town, VA	US	multi_2_3	US__multi_2_3
S1-485160184	Instinct Products	Flat No 401, S No 30, Saraswati Ranta, Near Shashitara Vihar, Hingane Khurd, Pune, Maharashtra	India	multi_2_3	India__multi_2_3
S1-92122549	Choice Nano	1010 J Street, Unit #10, Tacoma, WA	US	multi_2_3	US__multi_2_3
S1-848377105	Nelson Innovations LLC	4180 Mt Laura Lane, Williamson County, TN	US	multi_2_3	US__multi_2_3
S1-679790811	Firman Associates	Decorah, 310 College Drive, IA	US	multi_2_3	US__multi_2_3
S1-511963248	Twisted Seafood	331 13th Avenue, Texas City, TX	US	multi_4_plus	US__multi_4_plus
S1-541909838	Shakti Good Products Private Limited	Plot No.-4181/7599, Near Hotel Paul Height Unit - 5, Sarabahal, Jharsuguda, Orissa	India	multi_4_plus	India__multi_4_plus
S1-316246362	Yellowstone (India) Biomedicals LLP	E 391 (A)- Mia (Marudhara Indu Ara) Basni Iind Phase, Jodhpur, Rajasthan	India	singleton_0	India__singleton_0
S1-12130181	Jenilee D. Connell, O.D.	807 Oak Street, Crosby, MN	US	multi_2_3	US__multi_2_3
S1-93695493	DB Systems LLP	Shop No.3, Plot No.44 Bajaj Nagar, Nagpur, Maharashtra	India	multi_2_3	India__multi_2_3
S1-571862225	Youth Highland Church	261 11th Street, Fl 0, Pasadena, MD	US	multi_4_plus	US__multi_4_plus
S1-770000110	Precious Agencies Pvt Ltd	Plot No. 11, Balachander Avenue First Street Brindavan Nagar Extension, Madambakkam, Chennai, Tamil Nadu	India	multi_4_plus	India__multi_4_plus
S1-398422629	Hayter Fifth L.L.C.	3015 Wildwood Drive, Benton, AR	US	multi_4_plus	US__multi_4_plus
S1-327391340	Silverline (india) Limited	Ahmedabad, Gujarat, Office No-1113, Elite Magnum, Opp Ustav Elegance, Bhuyangdev Cross Road, Ahmadabad City	India	multi_2_3	India__multi_2_3
S1-556169598	Southern Farms Corp	65 Oceanside Road, Rockville Centre, NY	US	single_1	US__single_1
S1-603739052	Meridian Consulting Limited	56, Jhandewalan Road Sf Rani Jhansi Road, New Delhi, Central Delhi, Delhi	India	multi_2_3	India__multi_2_3
S1-408565660	Drayus Fannie	514 Lansing Street, Utica, NY	US	multi_4_plus	US__multi_4_plus
S1-676870931	Social Hospitalities Limited	Flat No. 304, Maharaja, Enclave Bailey Road, Dinapur-Cum-Khagaul, Patna, Bihar	India	multi_2_3	India__multi_2_3
S1-840247873	City Hospitality Private Limited	Plot.No.7, Kp Nagar, Menendal, Tamil Nadu, Madurai North, Madurai, No.1/11A	India	multi_2_3	India__multi_2_3
S1-801330227	Wilson & Vickers Ses LLC	OH, Wapakoneta, 104 Wapak Street	US	multi_2_3	US__multi_2_3
S1-24115094	Advanced Wholesale Networks	Tinley Park, IL, 17231 Foxgrove Lane	US	multi_2_3	US__multi_2_3
S1-144865	K 8 Signature Quest, L.L.C.	3218 112th Terrace, Kansas City, MO	US	multi_2_3	US__multi_2_3
S1-874147929	DCT Microelectronics	2850 Nautilus Avenue, Salem, OR	US	multi_2_3	US__multi_2_3
S1-740890302	Urgent Care Medicine of Corning	148 Airport Highway 980, Corning, AR	US	multi_4_plus	US__multi_4_plus
S1-400209002	Oh Allied Duration PC	1643 Colorado Spruce Way, Greenfield, IN	US	multi_4_plus	US__multi_4_plus
S1-664369179	Grand Printing Concepts LLC	6 Millstone Road, Randallstown, MD	US	multi_4_plus	US__multi_4_plus
S1-479736086	Blue Educational Pvt Ltd	28-A/31, Ground Floor Gali No-03, Laxman Vih Ph-2, Aawas Kunj, Gurgaon, Haryana	India	multi_4_plus	India__multi_4_plus
S1-366329737	Silver Constructions LLP	101 Cts No, 917/18 F P No, Near British Library, Pune City, Pune, Maharashtra	India	multi_2_3	India__multi_2_3
S1-204691956	VSR Edutech Private Limited	4-B, Thirumalai Street, Gopipalayam, Madurai-625 002, Tamil Nadu	India	multi_4_plus	India__multi_4_plus
S1-542531801	Eastern Investment Private Limited	Room No. 405 Forth Floor Om Niwas Navi Mumbai, Thane, House No. 0179, Maharashtra, Thane	India	multi_2_3	India__multi_2_3
S1-11454997	Metro Holding Company Corporation	NC, Raleigh, 3860 Pin Oak Road	US	multi_4_plus	US__multi_4_plus
S1-195939775	First Pioneer Viking	1120 Kadynce Lane, Anna, TX	US	singleton_0	US__singleton_0
S1-544301808	Advanced Bright Intelligent	142 Hughes Drive, Plymouth, NC	US	multi_2_3	US__multi_2_3
S1-743936349	Shanda F. Jones, MD	15 Hager Lane, Richland, NY	US	multi_4_plus	US__multi_4_plus
S1-887816750	Cozy Seafood Company	4688 Walker Avenue, Unit Slip 20, Orange Beach, AL	US	multi_2_3	US__multi_2_3
S1-579814618	Reine Moss Complete Payments PC	1081 St Hilaire Road, Yakima, WA	US	single_1	US__single_1
S1-816057608	Behavioral Health Associates Inc	1565 Crossing Duck Lane, Washington, NC	US	multi_4_plus	US__multi_4_plus
S1-540398498	Nisar Foundation	Gautam Buddha Nagar, Udyog Kendra Greater Noida Gautam Budh Nagar, Uttar Pradesh, Noida, 281	India	multi_4_plus	India__multi_4_plus
S1-629514078	Leis LLC	10436 Flagstone Drive, Town Of Cedarburg, WI	US	multi_2_3	US__multi_2_3
S1-206578944	Carter & Smith LLC	4239 Desert Sky Court, Phoenix, AZ	US	multi_2_3	US__multi_2_3
S1-941826282	Magic Chits Limited	Hd-010, We Work Pavilion, 62/63 The Pavilion, Churchstreet, Bengaluru, Bangalore, Karnataka	India	singleton_0	India__singleton_0
S1-339739032	Devan Public School	Sahu Theatre Building, Lucknow, Uttar Pradesh	India	multi_2_3	India__multi_2_3
S1-292566814	Marysville Catalyst	WA, Unit CAMPSITE 1226, 12015 Marine Drive, Marysville	US	multi_4_plus	US__multi_4_plus
S1-48784900	Anand Agro Private Limited	11/86, Sec-3, Rajender Nagar, Ghaziabad, Uttar Pradesh	India	multi_2_3	India__multi_2_3
S1-565936968	Sector -45 Precision Limited	Fourth Floor, Plot No. 93, Sector 44, Sector -45, Gurgaon, Haryana	India	multi_2_3	India__multi_2_3
S1-69727842	H Y & K Figx	171 Oakmont Cove, Bells, TN	US	multi_4_plus	US__multi_4_plus
S1-85500745	Ines Varnado Beacon Lithium	105 303, Orangetown, NY	US	multi_2_3	US__multi_2_3
S1-419390653	Mahir Media Pvt Ltd	Wbiidc, West Bengal, Cooch Behar, Industrial Area, Plot: G, Cooch Behar, Cooch Behar - I	India	multi_4_plus	India__multi_4_plus
S1-823325036	Integrated Agricultural Products LLC	2810 Indian River Road, Chesapeake City, VA	US	multi_2_3	US__multi_2_3
S1-387519977	Maa Media Limited	Karnataka, No. 4, Bangalore Rural, Ajjegowdanapalya, Sasveghatta Main Road, Bangalore North	India	multi_4_plus	India__multi_4_plus
S1-735283511	Maa Surya Services Limited	Nagpur, Dhantoli, 8-Meera Appartment Opposite Yashwant Stadium, Maharashtra	India	singleton_0	India__singleton_0
S1-799782482	Lumium Royalties Inc	46-28 202 Street, Bayside, NY	US	multi_2_3	US__multi_2_3
S1-296448605	Apurva & Sons Ltd	3Rd Street 16/35/45, East Godavari, Sambamurthy Nagar, Andhra Pradesh, Kakinada	India	multi_2_3	India__multi_2_3
S1-118399763	Bruce, Tesfaye and Homa Hovnanian Co	982 Glackens Lane, Wilmington, DE	US	singleton_0	US__singleton_0
S1-752295480	Sequoia Vornado LLC	160 Navy Circle, Mt. Juliet, TN	US	multi_2_3	US__multi_2_3
S1-149526155	Indian Developers Private Limited	17 / 31 Big Sowrastra Street Woraiyur, Tiruchirappalli, Tamil Nadu, Tiruchirappalli	India	multi_4_plus	India__multi_4_plus
S1-725326314	Dee Dee Roberto Integrated Wireless LLC	1404 Lincoln Court, Union, KY	US	multi_4_plus	US__multi_4_plus
S1-264325374	Cure Bakery	1 Creagerstown Road, Woodsboro, MD	US	single_1	US__single_1
S1-635469979	Crittenden, Ned & Bonito Inc	492 Hillcrest Drive, Romeoville, IL	US	multi_2_3	US__multi_2_3
S1-876651852	Frs Informatics Limited	Sn 08 Pl N 3/A Jadhavwadi, Kamdhenu Housing Society, Aurangabad, Maharashtra	India	multi_4_plus	India__multi_4_plus
S1-254346741	United Estate Limited	Office No 302, S. No. 230/A/3/1 Town Square, Pune, Maharashtra	India	multi_2_3	India__multi_2_3
S1-688635142	Brij Dynamics Private Limited	M/17, Yash Kamal Soc, Guj Housing Board Nr, Ahmadabad City, Ahmedabad, Gujarat	India	multi_2_3	India__multi_2_3
S1-239861705	Kv Foundation	Fp No 628 Nr Aditya Aura, Opp Shantiniketan Sevasi, Vadodara, Gujarat	India	multi_4_plus	India__multi_4_plus
S1-652906912	Trusted Interstate Concord Inc	IL, Chicago, 4943 Komensky Avenue	US	multi_2_3	US__multi_2_3
S1-96542657	Piedmont Wireless	102 Wentz Street, Fl 1, Sturgeon, MO	US	multi_4_plus	US__multi_4_plus
S1-215535943	Anand Healthcare Private Limited	Dubey Ka Chowkmauranipur Jhansi, Uttar Pradesh, Jhansi, Uttar Pradesh	India	multi_4_plus	India__multi_4_plus
S1-941710375	Supreme Hospitality Private Limited	Plot No D- 107, Sector 2, Noida, Uttar Pradesh	India	multi_4_plus	India__multi_4_plus
S1-914936236	CG Partners LLC	299 Vandenburgh Point Road, Mayfield, NY	US	multi_4_plus	US__multi_4_plus
S1-869758689	Feify Holdings Group P.C.	8929 42nd Court, City Of Kenosha, WI	US	multi_4_plus	US__multi_4_plus
S1-995037406	Alpha Consultants Private Limited	Block No. E/303, Safal Residency, Behind Mota Mauva Samsan, Kalawad Road, Rajkot, Gujarat	India	multi_2_3	India__multi_2_3
S1-129810330	Cera (India) Printpack Private Limited	C/O Krishna Baldev Singh, Ranawat, 1, Vill-Ghatela, Dhariawad, Udaipur, Rajasthan	India	multi_4_plus	India__multi_4_plus
S1-494314437	Vanguard Better	1869 400, Fyffe, AL	US	multi_4_plus	US__multi_4_plus
S1-863549694	Furlough & Torres LLC	1140 James Avenue, Port Arthur, TX	US	multi_4_plus	US__multi_4_plus
S1-402755832	Rahul Solutions (India) Limited	H.No. 1-11-242/1, Flat No 402, Secunderabad, Hyderabad, Telangana	India	multi_4_plus	India__multi_4_plus
S1-364111882	Western Legacy Immersion	985 Millers Sawmill Road, Salem, IN	US	multi_2_3	US__multi_2_3
S1-586998165	Tabor Oxford LLC	1341 A 30, Wells, NY	US	multi_2_3	US__multi_2_3
S1-418896338	Miller Rocky Ses LLC	401 Cascade View Drive, Ronald, WA	US	multi_4_plus	US__multi_4_plus
S1-649536951	Bhupendra Brothers Pvt Ltd	Sector 12A, Panchkula, House 547, Haryana, Panchkula	India	singleton_0	India__singleton_0
S1-532866569	Mendez Corporation	2622 North Road, Gardendale, AL	US	multi_4_plus	US__multi_4_plus
S1-547572051	Gulf Kochav LLC	729 6th Street, New Albany, IN	US	multi_2_3	US__multi_2_3
S1-720525120	Vision Infrastructure Pvt Ltd	A-123 Ashok Vihar, Delhi, Phase-1	India	multi_2_3	India__multi_2_3
S1-901320541	Kolkata Solutions Private Limited	West Bengal, Kolkata, Calcutta, 85B Burtolla Street	India	multi_4_plus	India__multi_4_plus
S1-361536701	Liberty Fellowship Inc.	3 Osceola Street, Unit 3, Boston, MA	US	multi_2_3	US__multi_2_3
S1-339103272	Big Hypnosis	22914 Fir Lane, Crestline, CA	US	multi_2_3	US__multi_2_3
S1-850215759	Cozy Pizza PLLC	719 Ashford Court, Cincinnati, OH	US	multi_2_3	US__multi_2_3
S1-286022248	Foot & Ankle Medicine LLC	3725 Central Park Drive, Moore, OK	US	multi_2_3	US__multi_2_3
S1-80356966	2803 Broadway Road Management	8301 49th Street, Kansas City, MO	US	multi_4_plus	US__multi_4_plus
S1-666637560	Pham, Lewis & Garcia Biracilik Inc.	2783 Gateway Avenue, Unit Apartment 5, City Of Hartford, WI	US	multi_4_plus	US__multi_4_plus
S1-795293476	Amelina's Transport	498 Wicks Street, Grayslake, IL	US	multi_2_3	US__multi_2_3
S1-279736597	Atlantic Coalition II LLC	210 Beech Street, Newport, KY	US	multi_4_plus	US__multi_4_plus
S1-231416129	Midwest Association	Unit STE 101, TX, 1404 Clarewood Drive, San Marcos	US	multi_2_3	US__multi_2_3
S1-203999604	Heritage Travel Inc	1503 Benley Street, Murfreesboro, TN	US	multi_2_3	US__multi_2_3
S1-274835577	East Delta Genesis	1108 R Street, Unit 410, Sacramento, CA	US	singleton_0	US__singleton_0
S1-706420031	Ujjanth Contractors Ltd	Ground Floor Post Box No, 3722 3/5 Sakar Bhavan, Mumbai, Maharashtra	India	multi_2_3	India__multi_2_3
S1-44868915	GV Communications LLC	Toledo, OH, 2424 Fulton Street	US	multi_4_plus	US__multi_4_plus
S1-883734345	Management Amogha Group	C/12 Basant Bahar Appartmentb/H C L Hospital Shahibaug, Ahmedabad, Gujarat	India	multi_2_3	India__multi_2_3
S1-440802559	Y & P Polska LLC	47 F Street, Ephrata, WA	US	multi_4_plus	US__multi_4_plus
S1-602913883	Cascade Allied Telecom LLC	165 Linden Street, Unit 106, Wellesley, MA	US	multi_4_plus	US__multi_4_plus
S1-767637123	TAN Technologies Pvt Ltd	Kancheepuram, No.6, Tamil Nadu, Chennai, Padmavathy Nagar Manapakkam Main Road, Kolappakkam	India	multi_2_3	India__multi_2_3
S1-363565705	Gianna Topham Premier Couriers Inc	6434 164th Street, Cass Lake, MN	US	multi_4_plus	US__multi_4_plus
S1-424267788	Montora Real, LLC	16021 Garganey Court, Frisco, TX	US	multi_2_3	US__multi_2_3
S1-649611658	Colonial Retail PC	9669 Hill Road, Otto, NY	US	multi_4_plus	US__multi_4_plus
S1-266170402	East Consulting Private Limited	No 93/391, 1St Main Road, Near Hegganahalli Govt School, Hegganahalli, Viswaneedam Post, Bangalore North, Bangalore, Karnataka	India	multi_4_plus	India__multi_4_plus
S1-800609375	Burge, Arredondo and Colwell Meshflow PC	340 Blenheim Hill Road, Gilboa, NY	US	multi_4_plus	US__multi_4_plus
S1-717576357	It Tour	Gf/Ff, Ff/10 Kedar 2, Opp. Krupa Petrol Pump, Ahmadabad City, Ahmedabad, Gujarat	India	multi_4_plus	India__multi_4_plus
S1-854602127	Dynamic Logistics Private Limited	D-50 Second Floorpamposh Enclave, New Delhi, South Delhi, Delhi	India	multi_4_plus	India__multi_4_plus
S1-760737194	Fresh Ice Cream	3538 Davis Stuart Road, Unit 9, Lewisburg, WV	US	multi_4_plus	US__multi_4_plus
S1-899981881	Gardner, Leal and Bowens Xflh LLC	MD, 3937 Brittany Lane, Hampstead	US	single_1	US__single_1
S1-582091840	Irvin & Cobb Synchrony LLC	1318 Poco Drive, Chesterfield County, VA	US	single_1	US__single_1
S1-738462506	Vevue Elite Snow Inc	5039 Briarwood Cove, Milan, TN	US	multi_2_3	US__multi_2_3
S1-322485846	White Systems Pvt Ltd	D-33, Midc Area, Jalgaon, Maharashtra	India	multi_2_3	India__multi_2_3
S1-363593105	Suri (India) Nakoda LLP	6 Star Complex Sakinakatelephone Exchange Lane Andheri Kurla Road, Mumbai, Maharashtra	India	multi_2_3	India__multi_2_3
S1-410272579	Emerald Grid Clinic	2375 Maple Heights Road, Town Of Freedom, WI	US	multi_4_plus	US__multi_4_plus
S1-45357533	High Systems LLP	Flats 208-209 & 215-217, Second Floor Chandralok Complex, 111, S.D. Road, Secunderabad, Hyderabad, Telangana	India	multi_2_3	India__multi_2_3
S1-860352928	Aurora LLC	205 Arch Street, Stephens, AR	US	multi_4_plus	US__multi_4_plus
S1-537393121	Charles, Peterson and Johnson, Inc	617 Locust Street, Quincy, IL	US	multi_4_plus	US__multi_4_plus
S1-351004218	Mayberry Braemar Inc	804 Tyler Avenue, Piedmont, OK	US	multi_2_3	US__multi_2_3
S1-601945198	United Con LLP	Flat 1314/B Om Kalyani Chs Holy Cross Road Navagoan Dahisar West, Mumbai, Mumbai City, Maharashtra	India	multi_2_3	India__multi_2_3
S1-48208904	Shelton, Kelly and Huertas LLC	1493 Owl Creek Lane, Swansea, IL	US	multi_4_plus	US__multi_4_plus
S1-382435344	American Western LLC	61-01 Bleecker Street, Ridgewood, NY	US	multi_4_plus	US__multi_4_plus
S1-110714502	Classic Transit Advisors LP	215 County Road 3360, Cookville, TX	US	singleton_0	US__singleton_0
S1-903467626	Ely Machine Works Inc	205 Dyer Street, Henry County, VA	US	multi_4_plus	US__multi_4_plus
S1-52122531	Mumbai Engineers Private Limited	1207/Ap J Towers Dalal Street, Mumbai, Maharashtra	India	multi_4_plus	India__multi_4_plus
S1-448373538	Evergreen Information Group	Mumbai, Mumbai City, Maulana Shaukat Ali Road, Grant Road, Sheetal Estate, Maharashtra	India	multi_4_plus	India__multi_4_plus
S1-100302483	Indrva Recycling Ltd	B/3, Axay Park Society, Nr Jakatnaka Gorwa, Vadodara, Gujarat	India	singleton_0	India__singleton_0
S1-855164600	Eye Pioneer Health	1376 Chillum Road, Hyattsville, MD	US	multi_4_plus	US__multi_4_plus
S1-970134397	Pioneer Consultants Private Limited	Tc 24/2494(1) (Old No. Tc 4/1930), A 52, Pandit Colony, Kowdiar Po, Thiruvananthapuram, Thiruvananthapuram, Trivandrum, Kerala	India	multi_4_plus	India__multi_4_plus
S1-870925132	Mei's Plumbing	8120 Helen Street, Tucson, AZ	US	multi_4_plus	US__multi_4_plus
S1-456857040	Vision Hospitality Private Limited	Fl No. 101 Rakshak Nagar, Gold Bl B-2 Sno 4/1/2 Kharadi, Pune, Maharashtra	India	multi_4_plus	India__multi_4_plus
S1-84624661	Pediatric Dentistry Certified Medicine P.C.	Gardner, MA, 66 Fernwood Drive	US	multi_4_plus	US__multi_4_plus
S1-956108284	Gunina Travels Private Limited	Panchsheel Greens, Gautam Buddha Nagar, Uttar Pradesh, Gautam Buddha Nagar, 1403 Type C I 14Th Floor	India	multi_2_3	India__multi_2_3
S1-333899994	Dynamic Consultancy Private Limited	216, Migh Lohiya Nagar, Kankarbagh, Bihar	India	multi_4_plus	India__multi_4_plus
S1-371395666	Services Tech Housing Private Limited	8, Golden Avenue, Amritsar, Punjab	India	multi_4_plus	India__multi_4_plus
S1-319465922	SA Adamas LLC	5112 Hartwell Lane, Brunswick Hills Town, OH	US	singleton_0	US__singleton_0
S1-560341452	John Bay Innovations Inc	Jarrell, TX, 272 Louisa Lane	US	multi_2_3	US__multi_2_3
S1-895990217	Board of Education	2996 568, Cranks, KY	US	multi_4_plus	US__multi_4_plus
S1-516659558	Emerald Inc	12680 River Crow Road, Hardin, MT	US	multi_2_3	US__multi_2_3
S1-668590001	Creative Industries Private Limited	No64, Durganilaya, 2Nd Cross Pampanagar, Yeshwanthpur, Bangalore, Karnataka	India	multi_4_plus	India__multi_4_plus
S1-509723661	Gurgaon Estate Pvt Ltd	C-24 Lgf Sushant Shopping Arcade Sushant Lok Phase 1, Gurgaon, Haryana	India	multi_2_3	India__multi_2_3
S1-737325393	Orthopedic Prime Health Corp	6941 Greenbriar Drive, Owasso, OK	US	multi_2_3	US__multi_2_3
S1-555599724	Youth Premier Center	Kansas City, MO, 2947 Askew Avenue	US	multi_2_3	US__multi_2_3
S1-554153436	Sharp's Trusted Realty LLC	4A 56 Apple Canyon Road, Apple River, IL	US	multi_4_plus	US__multi_4_plus
S1-639221373	Velarde and Ibrahim Capstone Center	16626 177th Drive, Surprise, AZ	US	multi_4_plus	US__multi_4_plus
S1-878988377	Advanced Strategic Alternative	8 Rabbit Run, Wirt, NY	US	multi_4_plus	US__multi_4_plus
S1-608460601	ED Digitalbridge	340 Whites Camp Road, Fairfield, VT	US	multi_2_3	US__multi_2_3
S1-372903225	Elevate Professional Center	74B, Lowther Road, Allahabad, Uttar Pradesh	India	multi_4_plus	India__multi_4_plus
S1-116081375	Kestex Park	6334 Chandler Street, Cincinnati, OH	US	multi_4_plus	US__multi_4_plus
S1-609470001	Degrees Sangh	1607, Marathon Millenium, Lbs Road, Mulund West, Mumbai, Maharashtra	India	multi_4_plus	India__multi_4_plus
S1-431387492	Vanguard Peak Services LLC	IL, Waukegan, Unit APARTMENT 202, 2800 Grand Avenue	US	multi_4_plus	US__multi_4_plus
S1-263896204	Allard, Maturo and Johnson Institutions LLC	639 Jackson Schoolhouse Road, Falls Of Rough, KY	US	multi_4_plus	US__multi_4_plus
S1-930912392	Clean Intercontinental LLC	1119 Cammack Circle, OK, Shawnee	US	multi_4_plus	US__multi_4_plus
S1-226332321	Sallie Coronado Cea, LLC	1023 Willow Oak Drive, Missouri City, TX	US	single_1	US__single_1
S1-930625292	Department of Public Works	310 63rd Street, Birmingham, AL	US	multi_4_plus	US__multi_4_plus
S1-523447530	Jones Crane, L.L.C.	236 Rhinewood Lane, Reidsville, NC	US	multi_2_3	US__multi_2_3
S1-632136965	Hultz & Kaufman LLC	2518 Back Bay Loop, Costa Mesa, CA	US	multi_4_plus	US__multi_4_plus
S1-933608805	Marcille Furlow Rio	192 Clifford Avenue, Watsonville, CA	US	multi_2_3	US__multi_2_3
S1-523080699	Metro Initiative	102 Dove Court, Hudson, IL	US	multi_4_plus	US__multi_4_plus
S1-33211137	Red (India) Renewable Limited	Sn. 51/1, 51/3, P-34, 2 Flr, Frontside, Bhagu Nagar Soc, Surat City, Surat, Gujarat	India	multi_4_plus	India__multi_4_plus
S1-215925856	White Technology Limited	Orissa, Talcher, Angul, Plot No 274/1, Remuan, Hatatota	India	multi_2_3	India__multi_2_3
S1-467800339	Raj Projects Private Limited	Tower A, 5Th Floor, Mis, Deeta Construction Pvt Ltd, No. 51, Deverabisanahalli, Innov8 Mantri Commercio, Bangalore, Karnataka, Bangalore South	India	multi_4_plus	India__multi_4_plus
S1-174690843	Dream Global Private Limited	C/O Ram Deo Sahu, At - Chandchaur Hanuman Nagar Post-Udaypur, Via Rosera, Samastipur, Bihar	India	multi_4_plus	India__multi_4_plus
S1-739723915	Khaga Info Pvt. Ltd.	No.74 A1- 606 Kanchan, Comfortz, Pune City, Pune, Maharashtra	India	multi_2_3	India__multi_2_3
S1-363309529	Atlantic Antimony, Inc	14228 Maplelane Court, Oregon City, OR	US	multi_4_plus	US__multi_4_plus
S1-631524485	Hari Infrastructure Private Limited	A-1Ganesh Nagar Firozabad, Uttar Pradesh, Agra, Uttar Pradesh	India	multi_2_3	India__multi_2_3
S1-753671400	Jude Marketing Private Limited	Shop No 2, P No 50B Sector, 20B, Navi Mumbai, Thane, Maharashtra	India	multi_2_3	India__multi_2_3
S1-430153421	Oakwood (India) Vehicles Limited	Ashish Nagar, F. No.G-1, Shruti Aptt., Madhya Pradesh, Indore, 80	India	multi_4_plus	India__multi_4_plus
S1-744315333	Vision Associates LLC	660 Olive Avenue, Stratford, OK	US	multi_4_plus	US__multi_4_plus
S1-515699183	Prairie Total Enbridge	39334 Bolington Road, Loudoun County, VA	US	multi_2_3	US__multi_2_3
S1-93708993	Youth Safe Association Inc	AZ, Mesa, 2216 Mollera	US	singleton_0	US__singleton_0
S1-979398012	Powell, Kass & Springfield	276 Banyan Boulevard, Richmond, KY	US	multi_4_plus	US__multi_4_plus
S1-487182924	Green, Jorrie S., CPA	10803 Elise Street, City Of El Paso, TX	US	multi_4_plus	US__multi_4_plus
S1-899509550	Dermatology Group P.C.	324 Cedar Street, Clayton, NM	US	multi_2_3	US__multi_2_3
S1-524979710	Platinum Aerospace Partners PC	114 Lindsay Court, Thomasville, NC	US	singleton_0	US__singleton_0
S1-164942774	Shree Handicrafts (India) Private Limited	Shop No 25/53, New Fruit Market, Jodhpur, Jodhpur, Rajasthan	India	multi_4_plus	India__multi_4_plus
S1-214847276	Bhilwara Cement Private Limited	6/330 Bhadada Mohala, Bhilwara, Rajasthan	India	multi_4_plus	India__multi_4_plus
S1-813191679	Ridge Prairie Virtus	17 Washington Lane, Halfmoon, NY	US	single_1	US__single_1
S1-934176576	Green Construction Private Limited	Ahmedabad, Gajanan Ind Park Ambica Tube Well Compound Nr Railway Bridge Vatva, Gujarat, Shed No 126	India	multi_2_3	India__multi_2_3
S1-462952650	Medinipur Quality Private Limited	Vill.Chapalghata, Po-Mahammadpur, Ps-Bhagwanpur, C/Otapas Kumar Barman, West Bengal, Medinipur, Midnapore	India	multi_2_3	India__multi_2_3
S1-100901319	Indian It Private Limited	52, Forest Park, 1St Floor, Bhubaneswar, Khordha, Orissa	India	multi_4_plus	India__multi_4_plus
S1-950174003	HTP Technology Private Limited	Patparganj, 344, New Delhi, Sita Ram Appartments Plot No- 102, Ip Extention, Delhi	India	multi_2_3	India__multi_2_3
S1-927651996	Anand Builders Pvt Ltd	B/101 Bhaveshwar Plazal B S Road Ghatkopar (W), Mumbai, Maharashtra	India	multi_4_plus	India__multi_4_plus
S1-121428705	Empire Advanced Airport LLC	1712 Brookwood Drive, Winston-salem, NC	US	multi_4_plus	US__multi_4_plus
S1-307635173	Laex Assets, LLC	1101 16th Street, Richmond City, VA	US	single_1	US__single_1
S1-894916221	Caldora Research Inc	Unit Apartment 1, 30 Spruce Street, NY, New Rochelle	US	multi_4_plus	US__multi_4_plus
S1-827192137	Galaxy Impex Private Limited	16, First Floor, Prospect Chambers, Annex No. 6 Pitha Street, Fort, Mumbai, Mumbai City, Maharashtra	India	multi_2_3	India__multi_2_3
S1-234434940	Shiv Producer LLP	H/O-Sanjay Kumar Singh, S/O-Ram Krishna Singh Vill-Malti, Tola-Malti, Panch-Malti, Block-, Ujiarpur, Samastipur, Bihar	India	multi_2_3	India__multi_2_3
S1-976179174	Gtl Vinayak Limited	Tdp-G-F10-1003, 10Th Floor, Tower G, The Palm Drive, Sector 66, Badshahpur, Gurugram, Gurgaon, Haryana	India	multi_4_plus	India__multi_4_plus
S1-637543535	Seven Consultants	No 83/11, Rajaji Street Kumaran Nagar, Padi, Chennai, Tamil Nadu	India	multi_2_3	India__multi_2_3
S1-835581754	Cure Coffee	2840 Dave Ward Drive, Unit Apt F2, Conway, AR	US	multi_4_plus	US__multi_4_plus
S1-560985660	Congregation Lutheran Church LP	16310 Linden Springs Court, TX, Houston	US	multi_4_plus	US__multi_4_plus
S1-684146674	All Green Engineering Limited	C-38, Ground Floor, Vishal, Enclave, Rajouri Garden, New Delhi, West Delhi, Delhi	India	multi_2_3	India__multi_2_3
S1-352714704	Sujal Development	61-67 Radha Nagar Main Road Chrompet, Chennai, Tamil Nadu	India	single_1	India__single_1
S1-488828649	Lotus Builders Private Limited	Village Chikhalgaon Taluka Wani, Wani, Yavatmal, Maharashtra	India	multi_4_plus	India__multi_4_plus
S1-409209761	Sun Infrastructure Private Limited	Nautica F-0506 Casa Rio, Kalyan Shil Road, Kalyan, Thane, Maharashtra	India	multi_4_plus	India__multi_4_plus
S1-208477058	Modern Construction Private Limited	Office No. 415, 4Th Floor, Ring Road Mall, Manglam Place, Sector 3, Rohini, Delhi, North West Delhi, Delhi	India	singleton_0	India__singleton_0
S1-505869859	Invest Investments Pvt Ltd	Ff-104, Meera Mana Arcade, Beside Krupa Petrol Pump, Ellisbridge, Ahmedabad, Gujarat	India	multi_2_3	India__multi_2_3
S1-36263128	Cruz and Keaton	815 52nd Street, Unit 1210, Phoenix, AZ	US	multi_4_plus	US__multi_4_plus
S1-778218023	Pinnacle Pinnacle Quasaredge, LLC	78 Rigsby Road, Marshall, NC	US	multi_2_3	US__multi_2_3
S1-928660078	Arihant It Private Limited	1St Floor, Old Canara Bank Building G.T. Road, Khanna, Punjab	India	multi_2_3	India__multi_2_3
S1-650727552	Eleanor's Brewing	WI, City Of Stoughton, 316 Prairie Street	US	multi_4_plus	US__multi_4_plus
S1-193364530	Global Fellowship	1307 1/4 Walnut Street, Bloomington, IN	US	multi_2_3	US__multi_2_3
S1-116413233	Zambrano, Minette, DPM, PC	35389 Grande Vista Street, San Benito, TX	US	multi_2_3	US__multi_2_3
S1-400442686	Bean Silver Canada Inc	8100 Lenox Creekside Drive, Unit 6, Nashville, TN	US	multi_4_plus	US__multi_4_plus
S1-942221484	Healthcare Janki Nutrition Pvt. Ltd.	Kalasandesh, Bharatkunj - 2, 19/38, Erandwana, Pune, Maharashtra	India	multi_2_3	India__multi_2_3
S1-825346251	Galaxy Healthcare Private Limited	Sraddha Lakshmi, 50/5Th Cross 10Th Main, Indiranagar, Bangalore, Karnataka	India	multi_4_plus	India__multi_4_plus
S1-791142796	Albrecht and Taylor Inc.	8 Candlewood Mountain, CT, New Milford	US	multi_2_3	US__multi_2_3
S1-925177941	Club Masti Private Limited	Plot No. 67B, Block B, Ispat/Vyapar Nagar, Panki, Kanpur Nagar, Uttar Pradesh	India	multi_2_3	India__multi_2_3
S1-672287108	Golden Regional Inc.	418 Greenwood Avenue, Jackson, TN	US	multi_4_plus	US__multi_4_plus
S1-942779540	Milka Ramsey Seneca	3327 Felicia Street, Nashville, TN	US	multi_4_plus	US__multi_4_plus
S1-486387795	Kcl Polytechnic	Hyderabad, Telangana, 8-2-601/B/301 Gpresidency, Khairatabad, Road No 10 Banjara Hills	India	multi_4_plus	India__multi_4_plus
S1-423614027	Autism Assistance Center Inc	104 Pleasant Street, Cohasset, MA	US	multi_2_3	US__multi_2_3
S1-300252793	Great Builders Private Limited	190, Prince Road, Near Tagore Park, Extn. Model Town, Delhi, North Delhi, Delhi	India	multi_4_plus	India__multi_4_plus
S1-820639241	Knest Servicesprivate Private Limited	8-21-9/1, Seetharam Nagar, 3Rd Lane Mangalgiri Road, Guntur, Andhra Pradesh	India	single_1	India__single_1
S1-650335822	Silkroad Choudhury Private Limited	Khno1743 Rakba Sultanwind, Punjab, Amritsar, Amritsar -I, Doburji Gt Road	India	multi_4_plus	India__multi_4_plus
S1-600090005	Choice Robotics Industries	306 N, Marble Falls, TX	US	multi_4_plus	US__multi_4_plus
S1-394593621	Caruso Irenic Inc	1132 Russell Gap Road, New Market, TN	US	multi_4_plus	US__multi_4_plus
S1-860111323	Harbor Ministries, LLC	36 Back Street, Newfane, VT	US	multi_2_3	US__multi_2_3
S1-882620973	Great Solutions Private Limited	Om Shail Baran Apt, Block-A Flat No.403, Phulwari, Patna, Bihar	India	multi_2_3	India__multi_2_3
S1-896960855	Northern Advanced Johnson Care	81 Scalise Drive, Pittsfield, MA	US	multi_2_3	US__multi_2_3
S1-338441694	Prime Engineering Limited	Burdwan, P.O.- Joteram, Dist- Purba Bardhaman, Burdwan, Bardhaman, West Bengal, Vill- Nandur	India	singleton_0	India__singleton_0
S1-959580014	Yount, Campbell & Cramer LLC	2106 Indian Creek Road, Austin, TX	US	single_1	US__single_1
S1-431327371	ANK United Renatus LLC	15197 72nd Street, Grafton, ND	US	multi_2_3	US__multi_2_3
S1-982761182	Diversified Defense Solutions	Mission, 4506 Santa Inez Street, TX	US	multi_4_plus	US__multi_4_plus
S1-833614050	Division of Aging	905 Miami Avenue, Logansport, IN	US	singleton_0	US__singleton_0
S1-780745371	Hyderabad Engineers Pvt Ltd	5-36/26B, Pvasauthnagar, Kukatpally, Hyderabad, Andhra Pradesh, Telangana	India	multi_4_plus	India__multi_4_plus
S1-830223982	Picasso (India) Green Limited	Ca-34D, Shalimar Bagh, New Delhi, Delhi	India	multi_2_3	India__multi_2_3
S1-691332637	Chiropractic Group	1630 Grace Landing Drive, Mebane, NC	US	multi_4_plus	US__multi_4_plus
S1-695757770	Oncology Desert Partners Inc	133 Wade Boulevard, Tipton, MO	US	multi_2_3	US__multi_2_3
S1-249011016	Preferred Research Solutions Inc.	2018 Eager Street, Baltimore, MD	US	multi_4_plus	US__multi_4_plus
S1-419498841	Bangalore Residency Pvt Ltd	No 29 Sri Sabari 7Th Cross Bhawaninagar Christ School Road, Bangalore, Karnataka	India	multi_4_plus	India__multi_4_plus
S1-773765091	Blanche Griffith Australian Inc	30636 Clifton Street, Millville, DE	US	multi_4_plus	US__multi_4_plus
S1-331415158	Indian Infotech Private Limited	82/66, Gurukrupa Green Fields, Ooty, Tamil Nadu	India	multi_4_plus	India__multi_4_plus
S1-804529270	Womens Health Clinic Inc	1367 Morphy Street, Fort Worth, TX	US	multi_2_3	US__multi_2_3
S1-54058918	Trade Ventures Private Limited	Vill-Kalwara Tola-Kalwara, Panchbharhulli, Singhwara, Darbhanga, Bihar	India	singleton_0	India__singleton_0
S1-868200857	NC Comstock Inc	2510 Cedar Forest Way, Unit 303, Raleigh, NC	US	multi_4_plus	US__multi_4_plus
S1-111378102	Holder Efes Group	419 Valley Drive, Oliver Springs, TN	US	multi_2_3	US__multi_2_3
S1-21613493	Maverick Software Private Limited	Flat 102, Pavani Residency 4-84/5/102, Jeedimetla, Hyderabad, Telangana	India	multi_2_3	India__multi_2_3
S1-964887936	Jag Realty Private Limited	C-37, Rajendra Nagar, Bareilly, Uttar Pradesh	India	multi_4_plus	India__multi_4_plus
S1-37735883	Montari Aldabra LLC	1578 Pinecone Circle, Kingsport, TN	US	multi_4_plus	US__multi_4_plus
S1-968882536	MGM Tools Pvt. Ltd.	H. No. 8/21, Khichripur, Delhi, North East, Delhi	India	multi_4_plus	India__multi_4_plus
S1-631992370	Soum Management LLC	6110 Moline Drive, Evansville, IN	US	multi_2_3	US__multi_2_3
S1-261240176	United Consultants Private Limited	Atalantis, Vadiwadi, Sarabhai Compound, Gujarat, Vadodara, 306	India	multi_2_3	India__multi_2_3
S1-962915767	Sine Clinic Private Limited	Bareilly, 64 Green Park, Bareilly, Uttar Pradesh	India	single_1	India__single_1
S1-429245717	Smith Resources LLC	5685 100, North Vernon, IN	US	multi_2_3	US__multi_2_3
S1-605304876	Continental Leapfrog PLLC	3542 Snelling Lane, Marianna, FL	US	single_1	US__single_1
S1-971250306	Om Foundation Private Limited	Scheme No. 78, Indore, Indore, Madhya Pradesh, Unit No. 1106 To 1110 Skye Corporate Park P No. 25	India	multi_4_plus	India__multi_4_plus
S1-408643468	GD Enterprises Private Limited	C/O Sunny Sharma, Vii-Panighata T.E, Siliguri, Darjiling, Darjeeling, West Bengal	India	multi_4_plus	India__multi_4_plus
S1-213269363	Sills and Minor	42 Elm Street, Wethersfield, CT	US	multi_4_plus	US__multi_4_plus
S1-200656762	UCE Innovative Technical LLC	4902 Indiana Avenue, Fort Wayne, IN	US	multi_4_plus	US__multi_4_plus
S1-222638419	Downtown Bistro	121 Doges Promenade, Babylon, NY	US	multi_2_3	US__multi_2_3
S1-954821863	Euro Technologies LLP	Plot No W-126, Midc, Ttc Indl. Area, Pawane, Koparkhairane, Navi Mumbai, Maharashtra	India	multi_2_3	India__multi_2_3
S1-923901494	Pioneer Laboratories	12801 Racine Avenue, Calumet Park, IL	US	multi_4_plus	US__multi_4_plus
S1-720415840	Value Infrastructure Products Inc	924 118th Street Court, Tacoma, WA	US	multi_2_3	US__multi_2_3
S1-780650067	Blevins Dte, LLC	5322 Villanelle Road, Rio Rancho, NM	US	multi_2_3	US__multi_2_3
S1-88895990	Swastik Hospitality Limited	Plot No.1 Renuka Bagh, Khushi Enclave, Agra, Uttar Pradesh	India	multi_4_plus	India__multi_4_plus
S1-986430459	Ventures Shubhi Buildtech Limited	B70 Jay Savaiyanath Co Op Soc Opp Rajbaug Society Ghodasar N H Road, Ahmedabad, Gujarat	India	single_1	India__single_1
S1-407226081	Lower Cbre	6621 Northwest Highway, Chicago, IL	US	multi_4_plus	US__multi_4_plus
S1-301843655	Gold Websolutions Private Limited	Surat City, Surat, 7Th Floor, Gujarat, Flat 602, Pramukh Yog, Wing C	India	multi_4_plus	India__multi_4_plus
S1-865864954	JF Service	13534 Dahlia Green Way, Houston, TX	US	multi_4_plus	US__multi_4_plus
S1-610334774	Regional Idea LLC	5 Lee Road, Cuba, NM	US	multi_4_plus	US__multi_4_plus
S1-178174372	Textiles Educationfoundation Private Limited	3 Central Road, Kolkata, Calcutta, West Bengal	India	single_1	India__single_1
S1-358299579	Snr Vidyalaya	House No 6050/E/60 Mahalaxmi Nagar, Nagpur, Maharashtra	India	multi_2_3	India__multi_2_3
S1-847932090	A Golden Blackstone LLC	28 Flanders Road, Bethlehem, CT	US	multi_4_plus	US__multi_4_plus
S1-798628484	Secure Patriot Pipeline LLC	4541 Evergreen Avenue, WI, Town Of Saratoga	US	multi_4_plus	US__multi_4_plus
S1-930231904	TO Infratech Private Limited	Plot No.Iib/3322, Aa-Ii B, Street No-510 Akhanka More, Barasat, New Town, Kolkata, Parganas North, West Bengal	India	multi_4_plus	India__multi_4_plus
S1-573200	Behavioral Health Cascade Center Care	236 Bowling Branch Road, Cottontown, TN	US	multi_4_plus	US__multi_4_plus
S1-945793047	Shrikrishna Footwear (India) Private Limited	Shed No C/42/1 Gidc Estate, Nr. Fire Station Opp. Ambicanagar, Odhav, Ahmedabad, Gujarat	India	multi_2_3	India__multi_2_3
S1-187004387	Tri-State Charities	1180 Corporate Way, Unit APT 124, Sacramento, CA	US	singleton_0	US__singleton_0
S1-852317914	Harbor Charities VI of Council Bluffs	3513 Avenue E, Council Bluffs, IA	US	multi_2_3	US__multi_2_3
S1-535523419	Douglas Resolution LLC	9 Mercury Court, NM, Church Rock	US	multi_2_3	US__multi_2_3
S1-549086594	Sun Marketing Private Limited	D- 8, Gf, Pandav Nagar, East Delhi, Delhi	India	multi_4_plus	India__multi_4_plus
S1-729633028	Mountain Initiative	182 Cross Road, Laurens, NY	US	multi_2_3	US__multi_2_3
S1-330250935	Malappuram Ai Corp	Old No:I/896 New No: 680 A Nettukkattil House, Parammal Kuttippuram, Malappuram, Malappuram, Malapuram, Kerala	India	multi_4_plus	India__multi_4_plus
S1-432227518	Q & M Southwest LLC	38 Gedney Way, White Plains, NY	US	multi_4_plus	US__multi_4_plus
S1-562150790	Dynamic Foods Private Limited	C-274 Vikas Puri, New Delhi, West Delhi, Delhi	India	singleton_0	India__singleton_0
S1-230658168	Raleigh Human Rights Program LLC	920 Fellers Oak Court, Unit 308, Raleigh, NC	US	multi_2_3	US__multi_2_3
S1-705393454	Edgar Choice Partners	AR, Mountain Pine, 228 Sentinel Road	US	multi_2_3	US__multi_2_3
S1-656418409	Hari Care Limited	West Bengal, 24 R B Mukherjee Road, Calcutta, Kolkata	India	multi_4_plus	India__multi_4_plus
S1-362561832	Y L Murphy Chemical LLC	IL, Effingham, 508 Grove Avenue	US	multi_4_plus	US__multi_4_plus
S1-264578532	Preferred Publishing	136 Wenham Way, Forney, TX	US	multi_2_3	US__multi_2_3
S1-33218820	Eon (India) Vinimay Private Limited	Plot No. 1140, 1142 (R.S. & L.R.) Arogya Colony, Ashapur Road, Chanchal, Malda, West Bengal	India	multi_2_3	India__multi_2_3
S1-230162829	International Seva Samiti	1St Floor & Pent House, 19/C, Khanampet Hitech City, Madhapur, Hyderabad, Telangana	India	multi_2_3	India__multi_2_3
S1-162806244	Claudine Thompson Mitsubishi Corp	41251 Hearne Road, New London, NC	US	multi_4_plus	US__multi_4_plus
S1-290234865	Tech It Private Limited	No.71/35, Armenian Street 4Th Floor, Parrys, Chennai, Tamil Nadu	India	multi_4_plus	India__multi_4_plus
S1-361942672	Diversified Cargo Advisors LLC	1607 Glebe Road, Arlington County, VA	US	multi_4_plus	US__multi_4_plus
S1-905618622	Renie Chang Royal Concord P.C.	4405 Kentucky Highway 2022, Buckhorn, KY	US	multi_4_plus	US__multi_4_plus
S1-596652873	18/49 Ribbon P.C.	120 Dundee Street, Ottawa, KS	US	multi_2_3	US__multi_2_3
S1-62706584	Horizon Plumbing	2139 White Street, Dubuque, IA	US	multi_4_plus	US__multi_4_plus
S1-494129410	Crump Pimco LLC	3715 River Bend Lane, Mountain Brook, AL	US	multi_2_3	US__multi_2_3
S1-624102029	Hospitality Solutions Ltd	11- Patel Colony 3 - 4 Naherunagar, Aarav, Jamnagar, Gujarat	India	multi_4_plus	India__multi_4_plus
S1-437335724	Brokaw Central	TN, 6975 Richard Wilson Drive, Millington	US	multi_4_plus	US__multi_4_plus
S1-225489340	Lotetech Legacy Bold	5174 Meadowbrook Drive, Williams, AZ	US	multi_4_plus	US__multi_4_plus
S1-566168062	Fania Weaver Trusted Data	Carmel, NY, 44 Front Street	US	multi_4_plus	US__multi_4_plus
S1-864632129	Tech Marketing Limited	Office No.13, Ground Floor, Sarathi Complex S.No. 61 Paiki, Tika No.9/3, Opp. Diamon, D Market, Amreli, Gujarat	India	singleton_0	India__singleton_0
S1-326811583	Anvil PLLC	4153 Edgemoor Drive, Fl 0, Bel Aire, KS	US	multi_4_plus	US__multi_4_plus
S1-607648222	Aaj House Private Limited	S/O Natarajan, Sfno.668/20, Puttalamman Kovil Street, Village Perambakkam, Thiruvallur, Kancheepuram, Tamil Nadu	India	single_1	India__single_1
S1-122907236	Lindsey Choice Line PC	145 Salerno Avenue, East Haven, CT	US	multi_2_3	US__multi_2_3
S1-813850270	Red Technologies Limited	Flat No 201 Aditya Elegance Road No 34 Jubilee Hills, Hyderabad, Telangana	India	multi_4_plus	India__multi_4_plus
S1-635190228	Simonyan Cantor	1130 Highway 6 NW, Oxford, IA	US	multi_2_3	US__multi_2_3
S1-904230587	Xie Quest, LLC	29 Walter Street, Albany, NY	US	multi_2_3	US__multi_2_3
S1-159760122	Star Estate Private Limited	#29/29, 11Th Main Road, Bangalore North, Bangalore, Karnataka	India	multi_4_plus	India__multi_4_plus
S1-977048814	Afco International Limited	3/71 West Punjabi Bagh, New Delhi, Delhi	India	multi_2_3	India__multi_2_3
S1-986740072	Al International School Pvt Ltd	C-202 Vrundavan Soc Nr Devngr Sai Baba Ngr Borsapada Rd Kandivali (West), Mumbai, Maharashtra	India	multi_4_plus	India__multi_4_plus
S1-387967070	My Technology Private Limited	E 1/367, 4.5 Pusta Main, Service Road, Sonia Vihar, Delhi North East, North West Delhi, Delhi	India	multi_2_3	India__multi_2_3
S1-792360629	Precision Hospitality Enterprises LLC	507 Garfield Place, City Of Appleton, WI	US	multi_4_plus	US__multi_4_plus
S1-81826830	Perry Breeding Private Limited	C/O Bhagawan Prasad Manjha Barhata Neur Ka Purva Ayodhya, District Ayodhya Uttar Pradesh, Faizabad, Uttar Pradesh	India	multi_4_plus	India__multi_4_plus
S1-148550414	Nicholle's Jewelers	7325 Boot Jack Road, Bath, NY	US	multi_4_plus	US__multi_4_plus
S1-860281693	Doon Resources LLC	11060 Marvil Road, Lewes, DE	US	multi_2_3	US__multi_2_3
S1-932260031	Sydelle Kuba First Cayman	14845 Upper Birch Creek Drive, Mount Pleasant, UT	US	multi_4_plus	US__multi_4_plus
S1-159422796	Jain All Constructions LLP	Gnra-72, Oliparambil House Dhanya South Road, Chalikkavattom, Vennala Po, Ernakulam, Kerala	India	single_1	India__single_1
S1-558777207	Distefano Brand, LLC	15787 Cottontail Lane, Surprise, AZ	US	multi_4_plus	US__multi_4_plus
S1-944575225	Garg Decor Pvt. Ltd.	B-42, Tarang Apartments, Plot No. 19, I.P Extn., East Delhi, Delhi	India	multi_2_3	India__multi_2_3
S1-437070618	Polymers & Brothers LLP	Building No. 7/185 A, Kurungattu, Ranibhavan, Rayamangalam, Keezhillam P.O, Ernakulam, Kerala	India	multi_4_plus	India__multi_4_plus
S1-467112058	Abbe Gutierrez Dynamic Catalyst Inc	2218 Miramar Walk, Oxnard, CA	US	multi_2_3	US__multi_2_3
S1-411801793	Gorakhpur Solutions Pvt Ltd	C/O Dr. Arun Chand, Pnt Colony Rustampur, Gorakhpur, Uttar Pradesh	India	multi_2_3	India__multi_2_3
S1-945969017	Alpha Global Private Limited	307 / 5, Gali No. 5, Nehru Nagar Opp Bank Colony, Garh Road, Meerut, Uttar Pradesh	India	multi_4_plus	India__multi_4_plus
S1-693164646	F J & K Santander	1002 Cedar Falls Drive, Waxhaw, NC	US	multi_2_3	US__multi_2_3
S1-421837594	Infrastructure Pala Fintech Private Limited	Rz/12B, J-Block, Old Roshan Pura Extn. Najafgarh, New Delhi, South West Delhi, Delhi	India	multi_4_plus	India__multi_4_plus
S1-290933897	Red Coffee Associates	101 Delaware Avenue, Smyrna, DE	US	multi_2_3	US__multi_2_3
S1-284573479	Fortune Developers Private Limited	S-1 American Plazainternational Trader Tower Nehru Place, New Delhi, South Delhi, Delhi	India	multi_4_plus	India__multi_4_plus
S1-641402178	Apparel Entertainment Pvt Ltd	1, Vpo Bal Sachander, Airport Road Ajnala Road, Amritsar, Punjab	India	multi_2_3	India__multi_2_3
S1-876256279	Panchkula Mount Private Limited	Flat No 603, Tower 9B, Suncity Parikarma, Sector 20, Panchkula, Haryana	India	multi_2_3	India__multi_2_3
S1-614724462	Cardiology Partners Inc.	4804 Heather Drive, Tempe, AZ	US	multi_2_3	US__multi_2_3
S1-83537942	Foot & Ankle Physicians Inc	10207 184th Avenue, Bonney Lake, WA	US	multi_4_plus	US__multi_4_plus
S1-300816717	Golden Pub!	216 Osage Drive, Loudon, TN	US	multi_2_3	US__multi_2_3
S1-525579163	Maid Auto Body!	Lexington City, VA, 505 Allen Avenue	US	multi_4_plus	US__multi_4_plus
S1-264533506	Personal Services (India) Private Limited	25/40, Everest Co-Op Housing Society, D Road, Dombivli, Thane, Maharashtra	India	multi_2_3	India__multi_2_3
S1-146257964	Bravo's Energy	2636 Trinity Trail Way, Fort Worth, TX	US	multi_2_3	US__multi_2_3
S1-995015295	Patrick Empire Fresenius L.L.C.	500 Poplar Street, Normal, IL	US	multi_4_plus	US__multi_4_plus
S1-258436231	Kbn Printing Pvt. Ltd.	H. No. 1-31, Surya Nagar Colony, Medchal, Rangareddy District, Hyderabad, Rangareddy, Telangana	India	multi_2_3	India__multi_2_3
S1-822226426	Woodhouse, Ariela G., DDS	16740 Buttercup Lane, Surprise, AZ, Unit 107	US	multi_2_3	US__multi_2_3
S1-391501577	Universal Best Developers Private Limited	Booth No. 8, Sector 51, Near Artemis Hospital, Gurgaon, Sector -45, Gurgaon, Haryana	India	multi_4_plus	India__multi_4_plus
S1-69404920	Services Connected Conductor Private Limited	Building No.4/105, Chamapara Mrala P.O., Thodupuzha, Idukki, Kerala	India	multi_4_plus	India__multi_4_plus
S1-469219828	Right Enterprises Pvt. Ltd.	Ele Nesco It Park Goregaon East Nesco It Building No 4W E Highway., Goregaon East, Mumbai, Maharashtra, 10Th Flr C Wing Near Service Lift	India	multi_2_3	India__multi_2_3
S1-40885869	Automate (India) Lifecare Limited	7/202, B-2 Swaroop Nagar, Kanpur, Swarup Nagar, Kanpur Nagar, Uttar Pradesh	India	single_1	India__single_1
S1-392199760	Sree Foundation Private Limited	12/3 Ground Floor, Nehru Enclave East, Near Kalkaji Police Station, Delhi	India	multi_2_3	India__multi_2_3
S1-681072884	RU Pr Pvt. Ltd.	Thakurpukur Mahestola, New Budge Budge Rd.Rampur, Gr Fl C3/37/B, West Bengal, South 24 Parganas	India	multi_2_3	India__multi_2_3
S1-704213695	Holly Maggio Aura Inc.	212 Seaton Heights Lane, Reeds Spring, MO	US	multi_2_3	US__multi_2_3
S1-588415034	Vadodara Developers Private Limited	102, Mangal Ashish Appartment, 31, Sampatrao Colony, Opp. Grg Hotel, Al, Kapuri, Vadodara, Gujarat	India	singleton_0	India__singleton_0
S1-506790583	Noel Vista Inc	18880 Butler Avenue, Lincoln, DE	US	multi_4_plus	US__multi_4_plus
S1-572970681	Stores Trading LLP	6-74 Bhavani Nagar Dilsukh Nagar Ward -16, Hyderabad, Telangana	India	singleton_0	India__singleton_0
S1-450477943	Nar Traders Corp	Office No 9, First Floor, Ankur Complex, Sec-5, Opp Narayan Seva Sansthan, Girwa, Udaipur, Rajasthan	India	multi_4_plus	India__multi_4_plus
S1-388589542	Hanson, Johnson & Quinlan Inc	IN, 8830 Durbin Court, Schererville	US	multi_2_3	US__multi_2_3
S1-84689931	Ameya Me	Plot No. 181, B Block S.No. 43/P, 44/P, 45 46, Dwaraka Trident, Kavuri Hills, Madhapur, Hyderabad, Telangana	India	multi_2_3	India__multi_2_3
S1-759182044	Stag LLC	1200 Somerby Drive, Unit 529, Mobile, AL	US	multi_4_plus	US__multi_4_plus
S1-320732032	Prairie Charities	1901 8th Street, Sacramento, CA	US	multi_4_plus	US__multi_4_plus
S1-46615290	Terre Haute Dermatology Anchor Associates LLC	215 Poplar Street, Terre Haute, IN	US	multi_4_plus	US__multi_4_plus
S1-725249439	Shree International LLP	Plot No: 1168, Gada Sahi, Nayapalli, P.S: Nayapalli, Bhubaneswar, Khordha, Orissa	India	multi_2_3	India__multi_2_3
S1-298019640	Harding, Perrine L., MD	2844 Neely Store Road, Rock Hill, SC	US	multi_4_plus	US__multi_4_plus
S1-692951955	Halcic Steers	6568 Forsythia Street, Fairfax County, VA	US	multi_4_plus	US__multi_4_plus
S1-989040057	Midwest Charities, Corp	829 Seventh Street, Unit 2, Winston-salem, NC	US	multi_2_3	US__multi_2_3
S1-113600267	Cook Veterinary Clinic LLC	992 Moccasin Trail, Xenia, OH	US	single_1	US__single_1
S1-83547177	RMH Iron Works	28015 Harper Creek Lane, Katy, TX	US	multi_4_plus	US__multi_4_plus
S1-777810973	Diamond Frontier Alternative	209 Pink Street, Cherryville, NC	US	multi_2_3	US__multi_2_3
S1-258069845	Shockley International	128 Rosewood Lane, Mooresville, NC	US	multi_2_3	US__multi_2_3
S1-88905792	Sunderban Welfare Society	Lucknow, T C- 46, Lucknow, Uttar Pradesh, Vibhuti Khand, Gomti Nagar, Lucknow	India	multi_4_plus	India__multi_4_plus
S1-30696182	Cook Allied Terra	225 Selby Ranch Road, Unit APT 3, Sacramento, CA	US	multi_4_plus	US__multi_4_plus
S1-394073410	Namakkal International	D.No.1/423, Vasuki Nagar, Thattankuttai, Komarapalayam, Namakkal, Tamil Nadu	India	multi_4_plus	India__multi_4_plus
S1-219548536	Dahlen Direct Muniyield	215 Victoria Road, Hartford, CT	US	multi_4_plus	US__multi_4_plus
S1-589716025	A Precision Therapy Inc.	12 Colonial Circle, North East, MD	US	multi_4_plus	US__multi_4_plus
S1-66557517	Hernandez, Tristan and Smith Inc.	3400 Co Rd A14, Cresco, IA	US	singleton_0	US__singleton_0
S1-411875005	Bay Innovations Private Limited	Plot No.32, Om Vihar Dunda, Hera Crossing Republic, Ghaziabad, Uttar Pradesh	India	multi_2_3	India__multi_2_3
S1-686822721	Ernakulam Technology Private Limited	Flat 11-A, Asset Synergy Heights, Ernakulam, Kerala	India	multi_4_plus	India__multi_4_plus
S1-8339857	Zapien, Blaney & Murillo Motors	5842 Woodbridge Lane, West Chester, OH	US	multi_4_plus	US__multi_4_plus
S1-970216585	Sky Products Private Limited	B1004, Charm Heritage, Tavripada Barve Goan, Kalyan, Thane, Maharashtra	India	multi_2_3	India__multi_2_3
S1-223621109	Pioneer Projects LLP	Rohtak, Khewat No. 93, Kh No 197, Rajender Nagar, Plot No 12, Haryana	India	multi_2_3	India__multi_2_3
S1-915840975	Apex Services Private Limited	42/2, 7 Sri Sai Complex, Maruthinagar Bheemanahali, Ramangara, Ramanagar, Karnataka	India	multi_4_plus	India__multi_4_plus
S1-38972270	Midwest Iron Works LLC	192 Mosby Lane, Madison County, VA	US	multi_4_plus	US__multi_4_plus
S1-244132712	Pacific Network LLC	3929 121st Drive, Lake Stevens, WA	US	multi_2_3	US__multi_2_3
S1-926895175	IW Corporate	3759 146th Avenue, WA, Bellevue	US	singleton_0	US__singleton_0
S1-979042353	Surya & Brothers Pvt Ltd	No.237 8Th Block 4Th Lane K.K.D Nagar Kodungaiyur, Chennai, Tamil Nadu	India	singleton_0	India__singleton_0
S1-984162374	Wade Precious LLC	3990 State Rd 209, Broadview, NM	US	multi_4_plus	US__multi_4_plus
S1-105011790	Lakshmi Infra Private Limited	Ground Floor, Block No. 694, Plot No.13 To 18, Jayraj Textile Park, Mahuej Road, Mangrol, Surat, Gujarat	India	multi_2_3	India__multi_2_3
S1-999063329	Ram Management Private Limited	2/262-2, Keela Street, Keela Ariyappapuram, Thippanampatti, Tenkasi, Tirunelveli, Tamil Nadu	India	multi_4_plus	India__multi_4_plus
S1-595727368	Heart Council VI	3496 64th Street, Altoona, IA	US	multi_2_3	US__multi_2_3
S1-726966059	Courtney's Best Catering	287 Main Road, Conneaut, OH	US	single_1	US__single_1
S1-767435845	Ruthann Fletcher Ace Wells LLC	1640 White Oak Vista Drive, Silver Spring, MD	US	multi_4_plus	US__multi_4_plus
S1-520357461	Wilson Complete Applied LLC	12015 Marine Drive, Unit CAMPSITE 823, Marysville, WA	US	multi_2_3	US__multi_2_3
S1-233527636	Bengaluru Overseas Private Limited	No. 120 4Th Cross Kalidasa Layout Srinagar Bus Stand, Bengaluru, Bangalore, Karnataka	India	multi_4_plus	India__multi_4_plus
S1-218222451	Shivam Food Pvt Ltd	Su-Raj House 73-Cross Road, Midc., Marol, Andheri (East), Mumbai, Maharashtra	India	multi_2_3	India__multi_2_3
S1-774562126	Summit Federal Catering Inc	2511 Kedzie Boulevard, Chicago, IL	US	multi_2_3	US__multi_2_3
S1-87702457	Dvp Services Private Limited	Flat No 101/104, Shop No. 103, Ashdip Chhatrapati Shivaji Marg, Opp. Vijay Sales, Mira Roa, D (East), Thane, Maharashtra	India	multi_2_3	India__multi_2_3
S1-309454881	New Life Synagogue of Renick	288 Mcmillian Road, Renick, WV	US	multi_4_plus	US__multi_4_plus
S1-939542921	Holy Lutheran Church	621 Dale Avenue, Unit 329, Knoxville, TN	US	multi_4_plus	US__multi_4_plus
S1-693437858	Thapar Arcade Hauz Khas Retail LLP	403, 4Th Floor, Thapar Arcade Hauz Khas, New Delhi, Delhi	India	multi_2_3	India__multi_2_3
S1-598081658	Big Pub	WA, East Wenatchee, 680 Colorado Avenue	US	multi_2_3	US__multi_2_3
S1-995205952	Buildtech Welfare Society Partners	3F, 86B/2, Gajraj Chambers Topsia Road South, Topsia, Kolkata, Howrah, West Bengal	India	single_1	India__single_1
S1-262498701	Mohan Trading Private Limited	F/107, Kamala Vihar, Mahavir Nagar, Kandivlai West, Mumbai, Maharashtra	India	multi_2_3	India__multi_2_3
S1-14031305	East Piedmont Precision LLC	49 Marion Street, Unit 10B, Brookline, MA	US	single_1	US__single_1
S1-591952930	Dorolice Hines Liberty Bluerock Inc	4806 29th Street, Dickinson, TX	US	multi_4_plus	US__multi_4_plus
S1-380561654	Montoya Mission	1206 Dauphin Street, Mobile, AL	US	multi_4_plus	US__multi_4_plus
S1-886852861	Congregation Ministries	405 Pinecrest Drive, Atlanta, TX	US	multi_4_plus	US__multi_4_plus
S1-222208388	Cornerstone Broadcast Innovations LLC	123 Weber Road, Bolingbrook, IL	US	singleton_0	US__singleton_0
S1-890446999	Blue Yoga LLC	3110 Kercheval Drive, Indianapolis, IN	US	multi_2_3	US__multi_2_3
S1-464317542	Bsm Memorial Trust	2/1/80/1 Sainath Society, Vasna Road No- 7, Khedbrahma, Sabarkantha, Gujarat	India	multi_2_3	India__multi_2_3
S1-930644837	Dynamic International Private Limited	H No 96/3-35-155-C, Near Raghavendra V Santosh Nagar, Kurnool, Andhra Pradesh	India	multi_2_3	India__multi_2_3
S1-825007057	Pediatric Dentistry Clinic of Molalla	13485 Cascadia Court, Molalla, OR	US	multi_4_plus	US__multi_4_plus
S1-763929053	TV Tower Inc	1480 Carlos Avenue, Ontario, CA	US	multi_4_plus	US__multi_4_plus
S1-862394606	Sai Technologies Pvt Ltd	Sno.325, Geetanjali Ist Lane Pawar Nagar Old Sangavi Opp.Shivpratap Hsg, Pune, Maharashtra	India	singleton_0	India__singleton_0
S1-729640360	Sapphire Care	1116 Wicklow Road, Baltimore, MD	US	multi_4_plus	US__multi_4_plus
S1-157020136	Pioneer Genomic Technologies, LLC	514 Main Street, Unit Apartment 305, West Seneca, NY	US	multi_4_plus	US__multi_4_plus
S1-530888039	Oram & Brothers Pvt. Ltd.	Atria 3A 1004, Jp North Garden City Vinay Nagar Road, Mira Road East, Thane, Maharashtra	India	multi_2_3	India__multi_2_3
S1-133929117	Tracie Snell Ridge Data, Inc.	18 Durham Court, Amherst, NY, Unit Apartment B	US	multi_2_3	US__multi_2_3
S1-915362429	United Gujarat Exports Private Limited	59/4A, Birhana Road, Kanpur, Uttar Pradesh	India	multi_4_plus	India__multi_4_plus
S1-321204971	Finance Trust	N 15 186 H K L, Dev Nagar Khabbu Ki Pokhiri, Badi Gaibi, Varanasi, Uttar Pradesh	India	multi_2_3	India__multi_2_3
S1-624354100	Shree Marble Partners	Hmphouse, 5Thfloor4, Fairlieplace, Kolkata, Kolkata, Howrah, West Bengal	India	multi_4_plus	India__multi_4_plus
S1-199433633	Emanuel, Archer & Scott Inc	301 Rumely, La Porte, IN	US	multi_2_3	US__multi_2_3
S1-747370263	Cure Auto Body!	OK, 603 Red Cedar Way, Norman	US	multi_2_3	US__multi_2_3
S1-106042723	Lewis Express Two	3019 Old Gamber Road, Finksburg, MD	US	multi_4_plus	US__multi_4_plus
S1-726011719	Genova Traders Private Limited	C/O Mayank Bhansaly, 75 Netaji Subhas Road, Kolkata, Kolkata, Howrah, West Bengal	India	multi_4_plus	India__multi_4_plus
S1-575786624	Arteaga Federal PLLC	IL, Decatur, 4181 Fifth Progress Street	US	multi_4_plus	US__multi_4_plus
S1-773067053	Clay Oriental Care	Dover, 3372 Linker Mountain Road, AR	US	multi_2_3	US__multi_2_3
S1-365287517	United Infrastructure Pvt Ltd	Plot 37, Sy.18, Jai Bharath Colony, Lal Bazaar, Trimulgherry, Secunderabad, Hyderabad, Telangana	India	multi_4_plus	India__multi_4_plus
S1-228769852	Cobalt	1404 Greeley Court, Virginia Beach City, VA	US	multi_4_plus	US__multi_4_plus
S1-117902162	Atharva Promoters (India) Pvt. Ltd.	215, Vats Market Pitam Pura, Delhi	India	multi_2_3	India__multi_2_3
S1-314252674	Pacific Barings Corporation	5426 Liberty Bell Road, Orient, OH	US	multi_4_plus	US__multi_4_plus
S1-80084771	Ironclad	NC, Fayetteville, 5712 Marsh Road	US	multi_2_3	US__multi_2_3
S1-199796583	Integrated Bay Generating Inc	4621 Newcastle Drive, Tyler, TX	US	multi_4_plus	US__multi_4_plus
S1-172832456	Thomas & Lopez	2875 Petit Place, West Lafayette, IN	US	multi_2_3	US__multi_2_3
S1-437333243	YV Mineral Pvt Ltd	Argha Complexburnpur Roadasansol, Burnpur, Bardhaman, West Bengal	India	multi_4_plus	India__multi_4_plus
S1-491543010	Intensive Centre LLP	51/8, Jaydevoc, Oshorne Road, 2Nd Cross Bangalore, Bangalore, Karnataka	India	multi_4_plus	India__multi_4_plus
S1-552321484	Upper Sterling Inc	9 Owen Road, Grafton, NY	US	multi_2_3	US__multi_2_3
S1-194706291	Auryn Uranium Inc	Oak Ridge, 5920 Pepper Road, NC	US	multi_2_3	US__multi_2_3
S1-395359998	Bright Coffee	145 Leisters Church Road, Westminster, MD	US	multi_2_3	US__multi_2_3
S1-796524983	La Ventures Limited	H.No.8-4-315/20, Prem Nagar, Erragadda, Ameerpet, Hyderabad, Telangana	India	multi_2_3	India__multi_2_3
S1-435201324	Historical Fellowship LLC	302 Jefferson Street, Plentywood, MT	US	multi_4_plus	US__multi_4_plus
S1-809436810	Horizon Gulf Tribeca Inc	2526 Byington Solway Road, Knoxville, TN	US	multi_2_3	US__multi_2_3
S1-860814611	VT Metro Precision, Inc.	Pearland, 5102 Caprock Drive, TX	US	multi_2_3	US__multi_2_3
S1-205119466	Clean Doubleline Inc	AL, 644 Pleasant Avenue, Montgomery	US	multi_2_3	US__multi_2_3
S1-612199732	Lee Innovative Mortgage LLC	42 Glenwood Circle, Longmeadow, MA	US	multi_2_3	US__multi_2_3
S1-798460547	Charles River	TX, 9325 Friendswood Drive, Fort Worth	US	multi_2_3	US__multi_2_3
S1-99254960	One Investment Private Limited	Door No 3/5, Merkathiyanoor Matrapalli Post, Tirupattur Taluk, Vellore, Tamil Nadu	India	multi_4_plus	India__multi_4_plus
S1-338236190	Dental Medicine LLC	811 Clearview Terrace, New Martinsville, WV	US	multi_4_plus	US__multi_4_plus
S1-957901491	Yamamoto Cannabis Inc	40321 Brice Creek Road, Dorena, OR	US	single_1	US__single_1
S1-821099846	Kalpetta (India) Infraproject	G 65 Akalkaji, New Delhi, South Delhi, Delhi	India	multi_2_3	India__multi_2_3
S1-692873580	MB Coastal LLC	2184 11, Lafayette, NY	US	multi_4_plus	US__multi_4_plus
S1-751268344	Bright Zhejiang	1766 Castle Gate Way, City Of El Paso, TX	US	multi_4_plus	US__multi_4_plus
S1-748904442	All Analytics Works	1511 T Avenue, La Grande, OR	US	multi_4_plus	US__multi_4_plus
S1-728251276	Hari Trading Private Limited	Pl No 35 Flat No 101, Ugf Smg 1, Ghaziabad, Uttar Pradesh	India	multi_2_3	India__multi_2_3
S1-831099220	Industries Vbs Consultancy Corp	South Delhi, New Delhi, K-316/12 3Rd Floor, Lado Sarai, Delhi	India	multi_2_3	India__multi_2_3
S1-933616771	K W Garcia Pacific	Unit 2K, Greensboro, 3300 Kobus Drive, NC	US	multi_4_plus	US__multi_4_plus
S1-478335648	Sly & Grant Brown	4520 Garden Drive, Village Of Mount Pleasant, WI	US	multi_2_3	US__multi_2_3
S1-210989157	Delta Advanced National LLC	94 Derby Street, Unit 227, Hingham, MA	US	multi_2_3	US__multi_2_3
S1-256100717	Ashli Goldberg, M.D.	Chicago, IL, 5015 Huron Street	US	multi_2_3	US__multi_2_3
S1-141098049	Stover Best Newhold Brownsburg	1035 Main Street, Brownsburg, IN	US	multi_2_3	US__multi_2_3
S1-287981012	LP Merger	2197 Harvest Cir, IA, Coralville	US	multi_4_plus	US__multi_4_plus
S1-370797131	La Center Eye Care Associates	WA, La Center, 32008 4th Court	US	multi_4_plus	US__multi_4_plus
S1-110343011	Ziranth Facilities Pvt. Ltd.	Bhubaneswar, Khordha, Orissa, Kantilo, Plot No-344/2710	India	single_1	India__single_1
S1-297710777	Capital Gsr Inc	214 Maple Street, West Manchester, OH	US	multi_4_plus	US__multi_4_plus
S1-661240456	Jenifer & Serna, Inc	Manchaca, 105 Ash Tree Court, TX	US	multi_4_plus	US__multi_4_plus
S1-363105193	YW Assets LLC	2639 Parker Oak Pass, Missouri City, TX	US	multi_4_plus	US__multi_4_plus
S1-345818850	My Logistics Pvt Ltd	Flat No. B/1501, Dosti Oak, Dosti West County, Balkum, Thane, Maharashtra	India	multi_2_3	India__multi_2_3
S1-259550305	Johnson Merchants	Fort Worth, TX, 7009 Seth Barwise Street	US	multi_2_3	US__multi_2_3
S1-42981833	Drayelle Roofing	1326 El Monte Street, Fl 0, Wichita, KS	US	multi_2_3	US__multi_2_3
S1-414793408	Bobine's Tavern	4507 Sorsby Drive, Houston, TX	US	multi_2_3	US__multi_2_3
S1-294199437	Fortune Innovative Builders Private Limited	303, 3Rd Floor, Commercial-1B, Opp. R. Mall, Varun Arcade, Near Varun Garden, Ghodbunder Road, Thane (West), Thane, Maharashtra	India	multi_2_3	India__multi_2_3
S1-85203404	WVZ Sadan Private Limited	409-B, Sahara Shopping Center Indira Nagar, Faizabad Road, Lucknow, Uttar Pradesh	India	multi_2_3	India__multi_2_3
S1-601208506	Infrastructure Nucon Solution Private Limited	282New Lajpat Rai Market Chandni Chowk, New Delhi, Central Delhi, Delhi	India	multi_2_3	India__multi_2_3
S1-950482701	Men Traders Private Limited	Pl No 28, Krushna Kunj Nagar Tal Shahada, Nandurbar, Maharashtra	India	multi_2_3	India__multi_2_3
S1-147604982	Vaex LLC	5640 Riley Lane, Unit 6, Murray, UT	US	multi_4_plus	US__multi_4_plus
S1-450548914	Brautigam Scientific Inc	9733 Cr 25A, Sidney, OH	US	multi_4_plus	US__multi_4_plus
S1-822255279	Rosy Traders Private Limited	C/O- Based Ali Abdul Mamudpur Pindira, Hooghly, West Bengal	India	multi_2_3	India__multi_2_3
S1-956857592	Soul Poultary Private Limited	To A-204, Crystal Plaza, Link Road, Andheri (West), Mumbai, Mumbai City, Maharashtra	India	single_1	India__single_1
S1-589966972	Merrie Beyer Metro Blackstone, LLC	541 E Side Highway, VA, Augusta County	US	multi_2_3	US__multi_2_3
S1-148758725	Iconic Mist Limited	Kanpur, 94/42-A, Sanjay Gandhi Nagar Naubasta, Kanpur, Uttar Pradesh	India	singleton_0	India__singleton_0
S1-141165461	St (India) Associates	7 Old Court House Street, Kolkata, Calcutta, West Bengal	India	multi_2_3	India__multi_2_3
S1-65852263	Krishna Multitrade Private Limited	C/O Amritesh, Uma Shankar Prasad, 71 Behind Keshav Hospital, Saguna, Danapur, Patna, Bihar	India	multi_2_3	India__multi_2_3
S1-589847429	Direct Supply Consultants LLC	193 Mullen Fork, Stone, KY	US	multi_2_3	US__multi_2_3
S1-815445222	Kota Data Public Limited	Mukut Villa 4 Adarsh Nagar Bundi Road Kunhadi, Kota, Rajasthan	India	singleton_0	India__singleton_0
S1-467166423	BU Prairie Eco Center	9 Jefferson Avenue, Moundsville, WV	US	multi_4_plus	US__multi_4_plus
S1-752391978	New Life Ministries	Fl 1, OR, 909 Elina Avenue, Hillsboro	US	multi_2_3	US__multi_2_3
S1-154786161	Hettie Kline Alibaba LLC	7717 Mercier Street, Kansas City, MO	US	multi_4_plus	US__multi_4_plus
S1-369141155	Trusted Capital Home Improvements Inc	225 E Franklin St Street, Hagerstown, MD	US	multi_2_3	US__multi_2_3
S1-293202981	Delta Foundation	N9657 Navarino Road, Town Of Maine, WI	US	single_1	US__single_1
S1-512842972	Adiraj Foundation	B1/H3, Nh-19, Block B, Mohan Cooperative, New Delhi, South Delhi, Delhi	India	multi_4_plus	India__multi_4_plus
S1-242825291	Uttam Producer Private Limited	40/194, Chitranjan Park, New Delhi, Delhi	India	multi_2_3	India__multi_2_3
S1-619314161	Real Investments Private Limited	8 Khasra No-914 Manas Nagar, Kanpur Road, Lucknow, Uttar Pradesh	India	multi_4_plus	India__multi_4_plus
S1-681201139	Synsava Group	2581 Summerset Drive, Rialto, CA	US	multi_4_plus	US__multi_4_plus
S1-57406354	Secure Airport Inc	19909 Gas Point Road, Cottonwood, CA	US	multi_4_plus	US__multi_4_plus
S1-950785629	Eye Gulf Partners	47 Lake Flats Drive, Champlain, NY	US	multi_4_plus	US__multi_4_plus
S1-520122839	Brown, Clinton & Reynolds LLC	OR, 5420 Michigan Avenue, Portland	US	singleton_0	US__singleton_0
S1-343322661	Integrated Continental Northern	22 Courtyard Drive, Carlisle Borough, PA	US	multi_4_plus	US__multi_4_plus
S1-585079239	Lee Precision Championsgate LLC	218 Cedar Street, Rocky Mount, NC	US	multi_2_3	US__multi_2_3
S1-470345779	Hunger Initiative	2102 Walnut Street, Unit 121, Ellensburg, WA	US	multi_2_3	US__multi_2_3
S1-952088099	Regional Institute	Sumner, 1457 County Road 32200, TX	US	multi_2_3	US__multi_2_3
S1-977292711	Sai Innovative Exports Private Limited	Plot No-355, Rohini Villa, Taraboi, Baniatangi, Jatni, Khordha, Orissa	India	multi_2_3	India__multi_2_3
S1-961491290	Ram Consultancy Pvt Ltd	C/O Ram Krishan Pal Mohammad Pur, Bithoor, Kanpur, Uttar Pradesh	India	multi_2_3	India__multi_2_3
S1-705955045	Beacon Property Advisors LLC	219 Kingsbury Avenue, Corning, NY	US	multi_2_3	US__multi_2_3
S1-409097297	Sallyann Alvarez, DPM	711 Penn Drive, Friendswood, TX	US	multi_4_plus	US__multi_4_plus
S1-686495691	XND Jaws	486 Rolling Meadows Drive, City Of Fond Du Lac, WI	US	multi_2_3	US__multi_2_3
S1-244243116	Family Society Inc	1806 Timbermead Court, Henrico County, VA	US	multi_2_3	US__multi_2_3
S1-125045439	Kingsbury Cardiology LLC	Mobile, AL, 5747 Moffett Road	US	multi_4_plus	US__multi_4_plus
S1-332800765	Twisted Pub	920 Division Street, Normal, IL	US	multi_4_plus	US__multi_4_plus
S1-119761551	Prime Logistics Studios P.C.	20313 Running Creek Church Road, Locust, NC	US	multi_2_3	US__multi_2_3
S1-590379632	Sweet Grill Inc	215 Dunlap Street, Unit Apartment 12, Saint Paul, MN	US	multi_2_3	US__multi_2_3
S1-631314125	Swastik Construction	Rohini, Kh No. 93/9/1, 2Nd Floor, Block-C, Vijay Vihar, Phase-2, Delhi, North West, House No. 76	India	multi_2_3	India__multi_2_3
S1-549795649	Ruchi India Pvt. Ltd.	303 Camy House 3Rd Floor3 Dhus Wadi Opp Dr C H Street Marine Drive, Mumbai, Maharashtra	India	multi_2_3	India__multi_2_3
S1-676187388	Ajc Projects Private Limited	6-106, Srinivasa Nagar Colony Ghandamguda, Hyderabad, Telangana	India	multi_2_3	India__multi_2_3
S1-626908439	Highland Broadband LLC	13 Wayne Street, Norwich, CT	US	multi_4_plus	US__multi_4_plus
S1-114477181	Richardson Star	2744 Tranquil Way, Dallas, TX	US	multi_4_plus	US__multi_4_plus
S1-812076174	Dill & Huff Public LLC	1014 Hines Street, Republic, MO	US	multi_4_plus	US__multi_4_plus
S1-298306310	Keefe Advanced Aldabra LLC	17 Eric Drive, Fl 1, Christopher, IL	US	multi_2_3	US__multi_2_3
S1-936077437	Hyderabad Storage LLP	Villa No 7, Palm Breeze, Hanuman Nagar, Manikonda, Hyderabad, Rangareddy, Telangana	India	singleton_0	India__singleton_0
S1-637465929	Healthcare Kay Consulting Limited	Office No. 307, W Mall, Pearls Corporate, Mangalam Palace Sec-3, Rohini, New Delhi, Delhi	India	multi_2_3	India__multi_2_3
S1-474594433	Premier Marine Technologies	201 Carver Lane, Lebanon, TN	US	multi_4_plus	US__multi_4_plus
S1-719523303	Cold Processes Private Limited	Industrial Estaterachagunneri Village Srikalahasti, Chittoor Dt, Ap, Andhra Pradesh	India	multi_4_plus	India__multi_4_plus
S1-910747039	Pree Platinum Detailing	4672 Mahan Corner Road, DE, Marydel	US	multi_4_plus	US__multi_4_plus
S1-502990046	Plumbers Union Local No 990	16109 230th Avenue, Maple Valley, WA	US	multi_2_3	US__multi_2_3
S1-557098008	Bajrang India Ltd	Pune, Maharashtra, Plot No.97/5 Bldg No. B 206, Sec No.6, Trojan Resi., Moshi, Haveli	India	multi_4_plus	India__multi_4_plus
S1-721140591	Acosta and Hernandez Electrical, LLC	39 Beechwood Street, Unit APT 7, Thomaston, ME	US	multi_2_3	US__multi_2_3
S1-851869949	Custom Wealth Services LLC	OH, Columbus, 5559 Orville Avenue	US	multi_4_plus	US__multi_4_plus
S1-308729928	Signature All Defense Associates	20 Brown Road, Copake, NY	US	multi_2_3	US__multi_2_3
S1-499611605	Banashankari Technologies Private Limited	Second Main Road, Tiruchirappalli, Iyer Thottam, Tamil Nadu	India	multi_4_plus	India__multi_4_plus
S1-635286863	Vee Institute of Technology	Saran, C/O Ravindra Kumar Giri, Gandhi Chowk Ward No 38, Near Utkarsh Bank, Chapra(U), Bihar, Chapra	India	singleton_0	India__singleton_0
S1-63626249	Kanode Mortgage Center	203 Nantucket Avenue, Victoria, TX	US	multi_2_3	US__multi_2_3
S1-45414958	Royal Agro Limited	A-2 Devli Road, Khan Pur, South Delhi, Delhi	India	multi_2_3	India__multi_2_3
S1-317952287	High Food LLP	No 25/18, W H Hanumanthappa Road Gandhinagar, Bangalore, Karnataka	India	multi_2_3	India__multi_2_3
S1-665803307	Industries Smart Transport Muzaffarpur Pvt Ltd	Village- Rasool Pur, Kariyat, Post- Panapur, Kanti, Muzaffarpur, Bihar	India	multi_4_plus	India__multi_4_plus
S1-288388645	Gurugram Infraengineering Private Limited	4Th Floor Plaza Mall Mg Road Sector 28, Gurugram, Gurgaon, Haryana	India	multi_4_plus	India__multi_4_plus
S1-787181809	Happy Diner	1342 Milligan Highway, Elizabethton, TN, Unit UNIT 1	US	multi_4_plus	US__multi_4_plus
S1-791201903	Plumbers Union Local No 389	412 Grant Avenue, Altoona, PA	US	multi_4_plus	US__multi_4_plus
S1-698189395	PQ Solution Pvt Ltd	H No 450, Upper Ground Floor, Gali No 10 Majlis Park, Adarsh Nagar, Azadpur, Delhi, New Delhi, Delhi	India	multi_2_3	India__multi_2_3
S1-182818424	Cold Global Private Limited	Q-358 Pallav Puram, Phase-Ii, Meerut, Uttar Pradesh	India	multi_4_plus	India__multi_4_plus
S1-673040139	Ironclad Transport Care	5603 Rittenhouse Shore Drive, Austin, TX	US	multi_2_3	US__multi_2_3
S1-831227785	Santana Institute Limited	B-702, 7Th Floor, Joyos Hubtown, Geeta Mandir, Astodia, Nr. Gsrtc Bus Ter, Minal, Ahmedabad, Gujarat	India	multi_4_plus	India__multi_4_plus
S1-785470648	Olaniq Biologics	43176 Bitter Persimmon Court, Loudoun County, VA	US	multi_4_plus	US__multi_4_plus
S1-724496085	Erawat Trading Limited	1/4233, 2Nd Floor Ansari Road, Darya Ganj, New Delhi, North Delhi, Delhi	India	single_1	India__single_1
S1-330079757	Automated Mobility Solutions, LLC	37 Journey's End Road, Falmouth, MA	US	multi_4_plus	US__multi_4_plus
S1-421270396	Dental Fresh Center LLC	143 A Hartley Drive, High Point, NC	US	multi_4_plus	US__multi_4_plus
S1-690202970	Osprey	11712 Sterrett Boulevard, Indianapolis, IN	US	multi_4_plus	US__multi_4_plus
S1-19296474	Natural Projects Private Limited	No 61, Nachanahallipalya, Mysuru, Mysore, Karnataka	India	multi_4_plus	India__multi_4_plus
S1-738038737	Bangalore Engineering Private Limited	No.2/2, G Floor, 1St Main Road, Bts Road, Lakkasandra Layout, Bangalore, Karnataka	India	multi_4_plus	India__multi_4_plus
S1-195750897	Silver Auto Body	Seattle, 5409 Denver Avenue, WA	US	multi_4_plus	US__multi_4_plus
S1-96713593	Tivaify Aeon LLC	Memphis, 1734 Corning Avenue, TN	US	multi_2_3	US__multi_2_3
S1-970257995	Aftab Traders Co	Plot No. 746/3, G/F, Village Tikri Kalan, New Delhi, West Delhi, Delhi	India	multi_4_plus	India__multi_4_plus
S1-810841075	Tri-State Holdings Group Inc.	1115 12th Street, Unit 601, Washington, DC	US	multi_2_3	US__multi_2_3
S1-718674223	Moore Federation Group	2216 Bates Road, Cape Vincent, NY	US	multi_4_plus	US__multi_4_plus
S1-708155000	Gallegos & Mach Inc.	24 White Drive, Clarksville, AR	US	multi_2_3	US__multi_2_3
S1-990411301	Products Prabh Hospitality Limited	Crime Sandhya, Shop No.03, Saidwar Co-Op Hsg. Soc. Navghar, Vasai, Thane, Maharashtra	India	multi_2_3	India__multi_2_3
S1-391882394	A/A Hamilton	IN, 127 Cleveland Avenue, Elkhart	US	multi_4_plus	US__multi_4_plus
S1-122328194	Physical Therapy Diamond Medicine Inc	7 Camelot Drive, Boxford, MA	US	multi_4_plus	US__multi_4_plus
S1-121532898	Modi Engineering Private Limited	Kalyan, Plot No 31 B Sheet No 7, Industrial Area, Thane, Maharashtra	India	multi_4_plus	India__multi_4_plus
S1-442010484	Cross, Garcia & Johnson LLC	1576 Dunmoor Road, Memphis, TN	US	multi_4_plus	US__multi_4_plus
S1-124667750	Eks & Sons Pvt Ltd	Samvit, 2Nd Floor, Next Art Of Living Ashram, Udayapura Bus Stop, Knp Road, Bangalore South, Bangalore Rural, Karnataka	India	multi_4_plus	India__multi_4_plus
S1-716666973	Star Copley LLC	Dayton, OH, 3502 Pittsburg Avenue	US	multi_4_plus	US__multi_4_plus
S1-131694328	Pediatric Health	7 Dani Court, Manteno, IL	US	multi_2_3	US__multi_2_3
S1-762578611	Knuth, Najjar & Fish L.L.C.	56 South Street, Unit Apartment 204, West Winfield, NY	US	multi_2_3	US__multi_2_3
S1-172923863	Crafton Value Biotechnologies LLC	35435 38, MN, Grand Rapids	US	multi_2_3	US__multi_2_3
S1-619173831	Hotel Nidhi Limited	G-191 F/F, Old Seemapuri, Shahdara, Delhi	India	multi_2_3	India__multi_2_3
S1-688465442	609 Highland Lane Apartments LP	1820 Union Street, Seattle, WA	US	multi_4_plus	US__multi_4_plus
S1-431830647	Golden Properties Pvt Ltd	Dss-378, Hisar, Sector 16-17, Hisar, Haryana	India	single_1	India__single_1
S1-502818456	HQJ Works	Bldg C- 4 S, Waswani Road, Block No 23, Pune City, Pune, Maharashtra	India	multi_2_3	India__multi_2_3
S1-291751421	Vanguard Buildcon Pvt. Ltd.	Panasian House M - 31 - Agreater Kailash Part - Ii, New Delhi, South Delhi, Delhi	India	multi_4_plus	India__multi_4_plus
S1-692156897	Robinson, Austine, L.C.S.W., M.D., P.C.	3400 Bellemeade Avenue, Evansville, IN	US	singleton_0	US__singleton_0
S1-275737931	Roopansh Tiles Private Limited	Ahmedabad, Gujarat, Daskroi, I The Address, Nr. Sola Over Bridge, Sola Road, S.G. Highway, S.F- 8	India	multi_2_3	India__multi_2_3
S1-405521342	Indore Devcon Limited	201, Second Floor 79, Radhika Palace Gram Khajrana, Indore, Madhya Pradesh	India	multi_4_plus	India__multi_4_plus
S1-788651638	Education Alliance	145 Tallman Street, Unit 2, New Bedford, MA	US	multi_2_3	US__multi_2_3
S1-636117901	2401 Third Place Company LLC	1 Rolling Hills Road, Colonie, NY	US	singleton_0	US__singleton_0
S1-69461323	Golden Finance Private Limited	A8- Shiv Residancy, Gujarat, Nr Siddraj Bunglows, Village-Nadiad, Taluka- Nadiad District Kheda-, Kheda, Nadiad	India	multi_2_3	India__multi_2_3
S1-52507682	Gold Impex Private Limited	301, Nisarg Appt, Nr., Dimple Row House, Piplod, Surat City, Surat, Gujarat	India	multi_4_plus	India__multi_4_plus
S1-573429442	Cole & Keiffer Inc	NC, High Point, 7873 Clinard Farms Road	US	multi_2_3	US__multi_2_3
S1-944198949	LZR (india) Private Limited	259/1A/17, Building No. 13/1, Old Davison Theatre, Davison Building, North Paravur Muncipality, Paravur, Ernakulam, Kerala	India	multi_4_plus	India__multi_4_plus
S1-328167539	Lester Sterling Manufacturing LLC	2525 Verde Drive, Burleson, TX	US	multi_4_plus	US__multi_4_plus
S1-955810995	Delta Continental Brands	3208 Sexton Street, Springfield, MO	US	multi_2_3	US__multi_2_3
S1-907745735	Optimum Umeed Private Limited	B-1 Maya Enclave, Bhopal, Madhya Pradesh	India	multi_2_3	India__multi_2_3
S1-151073973	Mysore Opticals Private Limited	No 1173Ch, Chamarajapuram, Mysore, Karnataka	India	multi_2_3	India__multi_2_3
S1-56378293	Pipal Energy Private Limited	22 Samrat Layout A 1St Main, Arakere, Bangalore, Karnataka	India	multi_2_3	India__multi_2_3
S1-860566015	Shed Coca	AR, Jacksonville, 115 Boroughs Road	US	multi_2_3	US__multi_2_3
S1-771447692	Optimal Supply Global	Hempstead, NY, 22 Kernochan Avenue	US	multi_4_plus	US__multi_4_plus
S1-930128888	Mumbai Fabricators Private Limited	Vinay Bhavya Complex, 159, Central Salsette Tramway, Mumbai, Maharashtra	India	multi_2_3	India__multi_2_3
S1-186954813	Mack Group PC	IN, 7708 Greenbriar Drive, Evansville	US	singleton_0	US__singleton_0
S1-519157634	Black Producer Private Limited	503 Unitech Business Park, Tower A, South City 1, Sector -45, Gurgaon, Haryana	India	multi_2_3	India__multi_2_3
S1-254753785	Reliable Printing Ventures Inc	TX, Houston, 14010 Pacific Street	US	multi_4_plus	US__multi_4_plus
S1-231859208	Office of Housing	1915 16th Street, Perry, IA	US	multi_2_3	US__multi_2_3
S1-115026316	Street & Sons	No 42 Majid Street Kangayam, Tiruppur, Coimbatore, Tamil Nadu	India	singleton_0	India__singleton_0
S1-891585219	Kota Trading Corporation	C/O Beena Verma Wo Lakhan Lal Verma Nand Bihar Colony Shayam Chopra Nsi Medical, Jhansi, Uttar Pradesh	India	multi_2_3	India__multi_2_3
S1-903522341	Pacific Wireless Consultants	272 Citation Drive, Virginia Beach City, VA	US	multi_4_plus	US__multi_4_plus
S1-460595219	Urology Group	MD, 202 Royal Oak Court, Hyattsville	US	multi_2_3	US__multi_2_3
S1-140574806	Agneta Allen Shore	216 Eagle Lane, Pittsylvania County, VA	US	multi_4_plus	US__multi_4_plus
S1-270611712	Ridge Academy LP	1325 Daja Lane, Unit 1505, Grand Prairie, TX	US	multi_2_3	US__multi_2_3
S1-848003599	Jaine Christopher Heritage Vision Inc	51-02 Weeks Lane, Fresh Meadows, NY	US	multi_4_plus	US__multi_4_plus
S1-211820155	ZQW Cloud Pvt Ltd	Rajipa Green Land Residency Opp Jivan Jyot Society, Viratnagar, Ahmedabad, Shop No D-25, Ahmedabad, Gujarat	India	multi_2_3	India__multi_2_3
S1-485819510	Jones's Piedmont Retail	9 Castle Circle, Peabody, MA	US	multi_2_3	US__multi_2_3
S1-446059976	Niex Investments LLC	105 Litchfield Street, Unit APT F149, Coeburn Town, VA	US	multi_2_3	US__multi_2_3
S1-952959244	Northwind LLC	WI, Town Of Germantown, W5667 Sunshine Court	US	multi_4_plus	US__multi_4_plus
S1-712275996	Care Foundation	#78, Koramangala Industrial Area, Jyoti Nivas College Road, Koramangala, Bangalore, Karnataka	India	multi_2_3	India__multi_2_3
S1-912240198	Orient Hunger Quality Charities PLLC	13759 Scioto-darby Road, Orient, OH	US	multi_2_3	US__multi_2_3
S1-780533754	Tnb Eye Private Limited	C/O Viren Jain, B-8/13, Vasant Vihar, New Delhi, South West Delhi, Delhi	India	singleton_0	India__singleton_0
S1-71729073	A Cure 7 All Inc	3801 Grove Street, Phoenix, AZ	US	multi_2_3	US__multi_2_3
S1-849090780	UVZ Foods Private Limited	Khidirapur, Bethuadahari, Nadia, West Bengal	India	multi_2_3	India__multi_2_3
S1-259452306	Shorter and Reyes Xrp	130 Main Street, Durham, NC	US	multi_2_3	US__multi_2_3
S1-229231601	Roum Corp	701 Gude Drive, Unit 101, Rockville, MD	US	multi_4_plus	US__multi_4_plus
S1-827268726	Good Management Private Limited	3Rd Floor, Survey No. 210, Pride Purple Square, Kalewadi Phata, Pune City, Pune, Maharashtra	India	multi_4_plus	India__multi_4_plus
S1-196568037	Classic Capital Robotics	101 Park Road, MN, Two Harbors	US	singleton_0	US__singleton_0
S1-606886823	Crimson Institute of Technology Private Limited	46, Bajaj Nagar Enclave, Jaipur, Rajasthan, Jaipur, Rajasthan	India	multi_4_plus	India__multi_4_plus
S1-967500830	Cozy Tavern!	505 White Street, Unit 505, Floydada, TX	US	multi_2_3	US__multi_2_3
S1-929826833	Ivenance Fuels LLC	748 Greenwich Place, Richlands, NC	US	multi_2_3	US__multi_2_3
S1-996496090	Drummond & Thomas Metals Corp	Surprise, AZ, 15462 Maui Lane	US	singleton_0	US__singleton_0
S1-621298081	Dietz and Canales Jones	5795 Highway 36, Rose Bud, AR	US	multi_2_3	US__multi_2_3
S1-341540500	National Wireless, Inc.	7102 Guadalupe Street, Austin, TX	US	multi_4_plus	US__multi_4_plus
S1-263527137	Secure Prairie Bright	14390 Cr 798, Sinton, TX	US	multi_2_3	US__multi_2_3
S1-448521657	Clear All Senior	1516 Menard Avenue, Chicago, IL	US	multi_4_plus	US__multi_4_plus
S1-993170331	Literacy Institute	33 Uncas Street, Glens Falls, NY	US	multi_2_3	US__multi_2_3
S1-385036477	Internal Medicine Health	OH, 54041 Arman Hill Road, Powhatan Point	US	multi_2_3	US__multi_2_3
S1-797614753	Grand American Lake LLC	4 Park Drive, North Pekin, IL	US	multi_2_3	US__multi_2_3
S1-251863044	Vinet LLC	3168 Bumpnose Road, Marianna, FL	US	multi_2_3	US__multi_2_3
S1-154070680	Prairie Vanguard Alpha LLC	812 Guthrie Avenue, Coweta, OK	US	multi_2_3	US__multi_2_3
S1-264989002	N 2 Premier Property Solutions, LLC	76 1/2 Main Street, Unit Apartment 2, Geneseo, NY	US	multi_4_plus	US__multi_4_plus
S1-10726659	Bureau of Finance	2032 Mallard Lane, Montgomery, AL	US	multi_4_plus	US__multi_4_plus
S1-338050512	Appleman, Junina, P.A.	870 Smith Level Road, Chapel Hill, NC	US	multi_2_3	US__multi_2_3
S1-112873712	Services Dharan (india) Private Limited	Flat No 4, G.F., Shivam Apartment 111/9, Near First Choice, Kishengarh Vasant Kunj, New Delhi, South West Delhi, Delhi	India	multi_4_plus	India__multi_4_plus
S1-517749873	Buque LLC	11730 Lobo Drive, Arizona City, AZ	US	multi_2_3	US__multi_2_3
S1-829441208	Maxworth & Sons Private Limited	No.673, 9Th A Cross, 4Th Block, Maruthi Lyt Hennur Cross, Shani Mahatma Temple Road, Bengaluru, Bangalore, Karnataka	India	multi_4_plus	India__multi_4_plus
S1-951623110	Urology Health	Polk County, OR, 27790 Mcpherson Road	US	single_1	US__single_1
S1-501530645	Wexler's Vanguard Roofing Inc	14298 123, Columbus, KY	US	singleton_0	US__singleton_0
S1-14825773	Trinity Impex Private Limited	Arihant Building, Flat No. 102, 15Th Road, Khar (West), Mumbai, Maharashtra	India	multi_4_plus	India__multi_4_plus
S1-163705756	Landrum Preparatory Academy P.C.	3443 Secor Road, Toledo, OH	US	multi_2_3	US__multi_2_3
S1-483838932	Abrams & Mcdonald Inc	1714 Morningside Dr, Iowa City, IA	US	multi_2_3	US__multi_2_3
S1-920710760	Kalyankari Sangh Care	D-81-Old-D-422 Siddharth Nagar, Jaipur, Rajasthan	India	multi_2_3	India__multi_2_3
S1-42329067	Pioneer Marketing Private Limited	Tisangi, Pandharpur, Solapur, Maharashtra, Gat No 1197, Solapur, Pandharpur	India	multi_2_3	India__multi_2_3
S1-136406261	Custom Textile Dynamics LLC	1723 Axton Road, Henry County, VA	US	multi_4_plus	US__multi_4_plus
S1-288289839	Geo Motors Limited	Khasra No - 1170 Hsidc Phase - Vii, Behrampur Road, Gurgaon, Haryana, Narsinghpur, Gurgaon, Haryana	India	multi_2_3	India__multi_2_3
S1-611075098	Sun Foundation Private Limited	Professorpara, Cuttack, Orissa	India	multi_2_3	India__multi_2_3
S1-622257785	International Nexa Secure Private Limited	41, Sarang Marg, Opposite Jmb Surajpole, Udaipur, Rajasthan	India	single_1	India__single_1
S1-564553270	Planet Handloom Private Limited	967 3 4 Gala 3 4 Bld Ss2 Gr Flr, Harihar Corporation Dapode Village, Bhiwandi, Thane, Maharashtra	India	multi_2_3	India__multi_2_3
S1-735929786	Yadav Convertible LLC	125 Windsor Drive, Frankfort, KY	US	multi_2_3	US__multi_2_3
S1-851465797	Ruggeri Environmental LLC	118 Court Street, Farmington, ME, Unit Apartment 2	US	multi_4_plus	US__multi_4_plus
S1-52410964	Hostetter, Merck and Lewis Ftai	35313 Cox Lane, Modesto, IL	US	multi_4_plus	US__multi_4_plus
S1-986382077	Andrews's Cosmetics	46428 Springwood Court, Loudoun County, VA	US	multi_2_3	US__multi_2_3
S1-937375091	Jane Lew, Village Of	1046 Kincheloe Road, Jane Lew, WV	US	multi_4_plus	US__multi_4_plus
S1-24868287	Consolidated Trading Advisors LLC	2104 Galloway Avenue, Mesquite, TX	US	multi_2_3	US__multi_2_3
S1-969752505	Services Techno Projects Private Limited	C/O Julfikar Mallik, Vill - Raghabpur P.O- Jessure, P.S.- Habra, Habra, Parganas North, West Bengal	India	multi_4_plus	India__multi_4_plus
S1-305846767	Novent Electronics, LLC	6547 Pacific Street, Omaha, NE	US	multi_2_3	US__multi_2_3
S1-85438233	Bureau of Finance LLC	2940 Meriden Road, Topeka, KS	US	multi_4_plus	US__multi_4_plus
S1-235461034	Luise's Automotive	South Bend, IN, 55680 Chickadee Court	US	multi_2_3	US__multi_2_3
S1-474214966	Horizon Consumer Products Inc	539 Lawler Avenue, Addison, IL	US	multi_4_plus	US__multi_4_plus
S1-697294833	Shiva Media Private Limited	818B, The Camellias, Golf Course Road, Sector 42, Gurgaon, Haryana, Galleria Dlf-Iv	India	multi_2_3	India__multi_2_3
S1-529003562	Vasundhara Rapid Pvt Ltd	2 B/687 Vasundhara, Vasundhara, Ghaziabad, Uttar Pradesh	India	multi_2_3	India__multi_2_3
S1-349642514	Suryaiya Infravision Care	B.No.7, Mangesh Appt. Lokmany Nagar Kacheri Road, Palghar, Thane, Maharashtra	India	multi_2_3	India__multi_2_3
S1-223128051	Tressa's Fisheries	625 Elliott Road, Unit 211, Chapel Hill, NC	US	multi_4_plus	US__multi_4_plus
S1-889850597	Red Tech Private Limited	# 17-20, Muneshwar Block M-Halli, Bangalore, Karnataka	India	multi_4_plus	India__multi_4_plus
S1-272073781	Continental Liberty Valley Co	1203 5th Street, Spencer, IA	US	multi_4_plus	US__multi_4_plus
S1-70323077	Hendersonville Family Church	2345 Glenheath Drive, Hendersonville, NC	US	multi_4_plus	US__multi_4_plus
S1-771913366	Caserta Biotherapeutics, Inc.	200 Twelfth Avenue, Plymouth Township, PA	US	multi_4_plus	US__multi_4_plus
S1-958611609	South Grand Muzero LLC	14517 Hague Drive, Farmers Branch, TX	US	singleton_0	US__singleton_0
S1-867800447	Tanton Empire Wintergreen	3179 Willowcreek Road, Portage, IN	US	multi_2_3	US__multi_2_3
S1-665989323	Supreme Hospitality Alliance, L.L.C.	285 Antioch Circle, Terre Haute, IN	US	multi_4_plus	US__multi_4_plus
S1-155228361	Maa & Co Private Limited	73, Balaji Layout, Mylasandra Village Kengeri Hobli, Bangalore, Karnataka	India	multi_4_plus	India__multi_4_plus
S1-304697792	Economic Development Guild, LLC	65 Jackson Place, Hastings, MN	US	multi_2_3	US__multi_2_3
S1-725250835	IVP Consultants Private Limited	Roza Yakubpur, Greater Noida, Noida, Gautam Buddha Nagar, Uttar Pradesh	India	multi_4_plus	India__multi_4_plus
S1-347048251	King Reliable Americas	6 Ridgewood Parkway, Unit F, Newport News City, VA	US	multi_2_3	US__multi_2_3
S1-426509164	Lotus Apex Consultants Private Limited	6/150-U, Edayoor P.O., Malappuram, Malappuram, Malapuram, Kerala	India	multi_4_plus	India__multi_4_plus
S1-641579109	Unique Developers Private Limited	104/A, Block F, 32 Jnan Goswami Sarani, Kolkata, Kolkata, Howrah, West Bengal	India	multi_2_3	India__multi_2_3
S1-177483439	Economic Development Coalition	12108 57th Terrace, Kansas City, MO	US	multi_4_plus	US__multi_4_plus
S1-855978946	Om Silver Energy Limited	H.No:25 40/31/3, Plot.No.55, Kalyan Nagar East Anandbagh, Malkajgiri, Malkajgiri, Hyderabad, Telangana	India	multi_2_3	India__multi_2_3
S1-312664369	Jain Sree Impex Private Limited	921, 9Th Floor, Maker Chamber - V 221 Nariman Point, Mumbai, Mumbai City, Maharashtra	India	multi_4_plus	India__multi_4_plus
S1-32052390	Holewinski, Groves & Mcclung	23910 Windy Valley Road, Leander, TX	US	multi_4_plus	US__multi_4_plus
S1-588939036	Cherianne Johnson, D.C.	4043 Joe Crouse Road, NC, Maiden	US	multi_4_plus	US__multi_4_plus
S1-260843980	Borden Algonquin, LLC	78 Larchmont Road, Melrose, MA	US	multi_2_3	US__multi_2_3
S1-456467680	Amaze Foundation	Bihar, C/O Urmila Devi, Shivpuram Colony, Lane 1C, Patna, Phulwari	India	multi_2_3	India__multi_2_3
S1-251964703	Uvs Eagles Private Limited	Krushnai Plaza, Haji Malang Road, Pisavali, Nr Essar Petrol Pump, Kalyan East, Kalyan, Thane, Maharashtra, Shop No. 101	India	multi_4_plus	India__multi_4_plus
S1-899352052	Supreme Peak Industries Inc	405 Stellar Wind Drive, Georgetown, TX	US	multi_4_plus	US__multi_4_plus
S1-193414269	Mount Ministries	16025 Eiger Court, Chino Hills, CA	US	multi_2_3	US__multi_2_3
S1-29507374	Eye Anchor Center LLC	Waterford, NY, 106 Midway Court	US	multi_4_plus	US__multi_4_plus
S1-478567299	Heart Federation Care	409 Wyandanch Avenue, NY, Unit Unit 77, Babylon	US	multi_4_plus	US__multi_4_plus
S1-340264370	Heritage Initiative II	8319 Dubbs Drive, Fl 0, Severn, MD	US	single_1	US__single_1
S1-184591289	Bay Patriot Xii LLC	21121 Scheer Drive, Redding, CA	US	multi_2_3	US__multi_2_3
S1-381408998	Glyphan Community	1532 Demonbreun Street, Unit 1123, Nashville, TN	US	multi_4_plus	US__multi_4_plus
S1-624544587	Brightelle Lease	TN, 1764 Pendleton Street, Memphis	US	multi_2_3	US__multi_2_3
S1-823262268	Advance Solution Private Limited	Dharwad, Yeri Apt, 3Rd Cross Sanmathi Nagar, Kelgeri Road, Dharwad, Karnataka, No-8, Dharwar	India	multi_2_3	India__multi_2_3
S1-100172315	2233 Mountain View Drive Partners	17129 Woodmere Drive, Chagrin Falls, OH	US	multi_2_3	US__multi_2_3
S1-537626110	Amalie's Interiors	3395 163, Blanford, IN	US	multi_2_3	US__multi_2_3
S1-680546355	Pineda International	NY, Greece, 287 Orchard Creek Lane	US	multi_2_3	US__multi_2_3
S1-903086751	Peix Corp	700 Pickett Street, Alexandria City, VA	US	single_1	US__single_1
S1-321512184	Crystal All Ave	4964 Telephone Road, Unit 128, Ventura, CA	US	multi_4_plus	US__multi_4_plus
S1-332019466	Continental All Fast	1143 County Road 4153, Simms, TX	US	multi_4_plus	US__multi_4_plus
S1-285000506	Miroor LLC	9701 Trinidad Drive, City Of El Paso, TX	US	multi_4_plus	US__multi_4_plus
S1-525029915	Pipefitters Local Union 392	8575 Leah Lane, Flagstaff, AZ	US	multi_2_3	US__multi_2_3
S1-458357186	Clean Hospitality Partners LP	30 Joe Place, Ennice, NC	US	multi_2_3	US__multi_2_3
S1-195058161	Sun Care Private Limited	M.No 572, 1 Flr Shop No 1, Aditi Plaza, Satara, Maharashtra	India	singleton_0	India__singleton_0
S1-768569528	Dais Ingredients Co	232 Franklin Street, Bluffton, OH	US	multi_4_plus	US__multi_4_plus
S1-554072483	Peridova Grid LLC	Schuyler Falls, 83 Soper Street, NY	US	multi_4_plus	US__multi_4_plus
S1-502780645	Kanpur Energy Private Limited	66 Bentinck Street 2Nd Floor, Kolkata, Calcutta, West Bengal	India	multi_2_3	India__multi_2_3
S1-613642244	Almaraz and Medina LLC	5824 Big Valley Circle, Lipan, TX	US	multi_2_3	US__multi_2_3
S1-561152069	Alchemy Brush Pvt Ltd	Vill-Baragram, Ratnadih, Joypur, Puruliya, Purulia, West Bengal	India	multi_2_3	India__multi_2_3
S1-903790267	White Infra Private Limited	B2/14 U/G/F Mialwali Nagar Paschim Vihar, Delhi, New Delhi, Delhi	India	multi_2_3	India__multi_2_3
S1-955039089	Cooper, Mcgovern & Ascencio LLC	3730 Sunset Manor Lane, Katy, TX	US	multi_2_3	US__multi_2_3
S1-72698762	Deibel Veterinary Clinic	13 Bainridge Road, Worcester, MA	US	multi_4_plus	US__multi_4_plus
S1-620001323	Galaxy Power LLP	Plot No J-385, Midc Bhosari, Pune City, Pune, Maharashtra	India	multi_2_3	India__multi_2_3
S1-40164886	Nguyen & Bremer Inc	1195 Perimeter Road, Deer Lodge, MT	US	multi_4_plus	US__multi_4_plus
S1-694492819	Midwest Regency Inc.	1305 Rockfish Drive, Matthews, NC	US	multi_4_plus	US__multi_4_plus
S1-300497520	Urgent Care Rocky Specialists Care	9061 W End Circle, Albemarle County, VA	US	singleton_0	US__singleton_0
S1-979564905	Applied Materials Concepts LLC	1420 Diehl Road, Unit 431, Naperville, IL	US	multi_2_3	US__multi_2_3
S1-122637196	Classic Atlantic Prime LLC	48 Atlantic Drive, Split Pine, WV	US	multi_2_3	US__multi_2_3
S1-752489684	Simmons, Huskey & Quinones Tailwind	454 Boston Street, Syracuse, NY	US	multi_4_plus	US__multi_4_plus
S1-429934920	Brunson Charities V	1992 Central Road, Everson, WA	US	multi_4_plus	US__multi_4_plus
S1-145926785	CJE Inox Pvt. Ltd.	P. No-16B 2Nd Flr. Sec-84, Almeria Oppo. Coralwood, Narsinghpur, Gurgaon, Haryana	India	multi_2_3	India__multi_2_3
S1-653120802	Saunders Global Allurion Inc	1429 Gilreath Street, Wilkesboro, NC	US	multi_2_3	US__multi_2_3
S1-33009627	Mangolkote Technology	C/O-Kartick Das, Vill & P.O - Palishgram, Mangolkote, Bardhaman, West Bengal	India	multi_2_3	India__multi_2_3
S1-872642342	Family Partners Inc	8405 Cassatt Way, Sacramento, CA	US	multi_2_3	US__multi_2_3
S1-883050466	Nematech Mozayyx	NY, 98 River Road, Islip	US	multi_4_plus	US__multi_4_plus
S1-828340904	Good Energy Private Limited	305, Nilima Park Society Aarohi Complex, Guj. University Road, Na, Vrangpura, Ahmedabad, Gujarat	India	multi_4_plus	India__multi_4_plus
S1-83296486	Wesner Sui PLLC	OH, 1030 Maple Avenue, Miamisburg	US	multi_4_plus	US__multi_4_plus
S1-234166284	Hotel Foundation Private Limited	No.1 &2, Prakasam Street, Mcn Nagar, Thuraipakkam, Kanchipuram, Tamil Nadu	India	multi_2_3	India__multi_2_3
S1-47443839	Michael Premier Community Inc	645 Church Road, Colchester, VT	US	multi_2_3	US__multi_2_3
S1-491983009	Federal Resolution PLLC	1340 Flying Jib Drive, Azle, TX	US	multi_4_plus	US__multi_4_plus
S1-171566676	Haught Edison	300 Ortner Avenue, Cleveland, OK	US	single_1	US__single_1
S1-246379100	Pellecchia & Hartford	16 Nancy Drive, Webster, MA	US	multi_4_plus	US__multi_4_plus
S1-820479190	Pediatric Horizon Care Associates LLC	24 Freedom Way, Saratoga Springs, NY	US	multi_4_plus	US__multi_4_plus
S1-338631831	Sahyadri India Private Limited	Kp/10/314A, 314B, 314C, Amachal Kulathummal Village, Kattakada, Thiruvananthapuram, Thiruvananthapuram, Trivandrum, Kerala	India	multi_2_3	India__multi_2_3
S1-702010060	Preferred Automobile Partners	55 Railroad Street, Rochester, NY	US	multi_2_3	US__multi_2_3
S1-855106705	Melange Pages Private Limited	Rh1-15K, Sunrise Symphony, Action Area -2B, Salt Lake City, Parganas North, West Bengal	India	multi_4_plus	India__multi_4_plus
S1-349942561	Christiana's Valley Distribution	1719 Enfield Road, Austin, TX	US	multi_2_3	US__multi_2_3
S1-654634473	Vadodara Farmer Private Limited	Vadodara, Atmajyoti, Ashram Road, Ellora Park, Vadodara, Gujarat, Gd House	India	multi_2_3	India__multi_2_3
S1-13377722	Elecon India Private Limited	Plot No. 45, Block No. B, Mayapuri Industrial Area, Phase I, New Delhi, South West Delhi, Delhi	India	multi_2_3	India__multi_2_3
S1-382930093	Shree Engineering Private Limited	Delhi, Block-E, Pkt-4 Sector-7, Rohini, Delhi, North East, House No.19	India	multi_4_plus	India__multi_4_plus
S1-579339338	Neo Digital LLC	14238 Old Humble Road, Humble, TX	US	multi_4_plus	US__multi_4_plus
S1-383641239	Henderson and Degollado P.C.	KY, Walton, 11516 Herber Court	US	multi_2_3	US__multi_2_3
S1-248171647	White Complete Onfolio Inc.	369 Stone-southerland, Louisburg, NC	US	multi_4_plus	US__multi_4_plus
S1-621351324	Jhanvi & Partners	2/13 Block A, Lane No. 2 Near Lal Quarter, Krishna Nagar, Delhi, East Delhi, Delhi	India	singleton_0	India__singleton_0
S1-715299892	Nexan Oceanhawk PLLC	371 Broad Street, PA, Franconia Township	US	multi_2_3	US__multi_2_3
S1-428236547	A Vanguard Battery, Inc	75 High Street, Gloucester, MA	US	multi_4_plus	US__multi_4_plus
S1-302623297	Jain Healthcare Private Limited	B-73, Sector 6, Noida, Ghaziabad, Uttar Pradesh	India	multi_4_plus	India__multi_4_plus
S1-230359417	Chiropractic Classic Clinic LLC	1612 Memorial Boulevard, Springfield, TN	US	multi_2_3	US__multi_2_3
S1-353015643	Aggi Tracy Pro Inc	304 14th Street, Unit Apartment 2, Buffalo, NY	US	multi_4_plus	US__multi_4_plus
S1-773720122	Kannur Dwellers Private Limited	49/491, Second Floor, Royal Oak Thana, Kannur, Kerala	India	multi_4_plus	India__multi_4_plus
S1-432787385	Galaxy Builders Pvt Ltd	4 Govt Place (North), Kolkata, Calcutta, West Bengal	India	multi_2_3	India__multi_2_3
S1-605553126	Abrams & White LLC	2389 Boxwood Road, Pittsylvania County, VA	US	multi_4_plus	US__multi_4_plus
S1-792078448	Jordan Republic LLC	8797 W Point Douglas Road, Cottage Grove, MN	US	multi_2_3	US__multi_2_3
S1-222564895	1371 Washington Street Partners	1814 Ashby Drive, Charleston, IL	US	multi_2_3	US__multi_2_3
S1-142097776	Guru Investment Private Limited	Holding No. 1119, Ward No. 43, Prakash Nagar, Beside Indra Gandhi Maidan, Sahani Basty, Siliguri, Darjiling, Darjeeling, West Bengal	India	multi_4_plus	India__multi_4_plus
S1-563035143	Harekrishna It Pvt. Ltd.	71, 7Th Floor, Grand Pardi Apartment, August Kranti Marg, Kemps Corner, Mumbai, Mumbai City, Maharashtra	India	multi_4_plus	India__multi_4_plus
S1-650334862	Neha Hospital	No 10-A, Ground Floor, Tranquill Nest, Kamakoti N 3Rd Main Road, Pallikaranai, Chennai, Tamil Nadu	India	multi_2_3	India__multi_2_3
S1-760758927	Gwenni Staples Staking	9413 Ardmore Avenue, Fort Wayne, IN	US	multi_4_plus	US__multi_4_plus
S1-381771137	YSE Marketing Private Limited	707, Swastik Chambers, Off Sion Trombay Chembur, Mumbai, Mumbai City, Maharashtra	India	multi_2_3	India__multi_2_3
S1-10963283	Bonnibelle's Choice Bistro LLC	1031 Sabine Street, Dallas, TX	US	multi_2_3	US__multi_2_3
S1-882316992	Parc Communications Private Limited	Vatsala Tai Naik Nagar, Cst Road, Chembur, Mumbai, Maharashtra	India	multi_2_3	India__multi_2_3
S1-284612111	Maid Auto Body	2334 Wiard Street, Klamath Falls, OR	US	multi_2_3	US__multi_2_3
S1-378596747	Shree Business	17B Floor Ground, Plot 189A Anand Estate Sane Guruji Marg, Mumbai, Mumbai City, Maharashtra	India	single_1	India__single_1
S1-556845820	Monarch, Inc	8557 Cliffdale Road, Fayetteville, NC	US	multi_2_3	US__multi_2_3
S1-601474076	Vertex Sciences LLC	1188 Station Road, Charlotte, ME	US	multi_2_3	US__multi_2_3
S1-793086431	Spencer Security, LLC	207 Fourth Street, Newberry, IN	US	multi_2_3	US__multi_2_3
S1-742061956	United Sunrise Trading Private Limited	Gat No-65, Fl No-407, Dnyanai Residency, Nr Petrol Pump, Khed, Pune, Maharashtra	India	singleton_0	India__singleton_0
S1-117544706	Al Products Private Limited	First Floor Ward No. 13, Purani Anaj Mandi, Kathumar, Alwar, Rajasthan	India	multi_4_plus	India__multi_4_plus
S1-25189430	Monk & Co	511, The Mark 20-A, Old Palasia, Saket Square, Indore, Madhya Pradesh, Indore	India	multi_4_plus	India__multi_4_plus
S1-82036581	IQ Integrated Analytics, LLC	31450 Sassafras River Avenue, Galena, MD	US	single_1	US__single_1
S1-594160339	Future Foods Private Limited	D.No:10-139, Near Ramalayam Kothapeta, Chirala, Prakasam, Andhra Pradesh	India	single_1	India__single_1
S1-440023753	Brown Complete Coca LLC	3580 Jackson Avenue, Ogden City, UT	US	multi_4_plus	US__multi_4_plus
S1-850892962	Flores, Bridie, DMD, DDS PC	5201 Bristolwood Lane, Lincoln, NE	US	multi_2_3	US__multi_2_3
S1-990625209	Mccluney and Townsend	12034 Elm Drive, Blue Island, IL	US	multi_4_plus	US__multi_4_plus
S1-750334629	Rowan and Desantos L.L.C.	AZ, Surprise, 15042 Aster Drive	US	multi_4_plus	US__multi_4_plus
S1-932827505	Jk Technologies Private Limited	A-107, Sector-63, G B Nagar, Noida, Gautam Buddha Nagar, Uttar Pradesh	India	multi_4_plus	India__multi_4_plus
S1-195185666	Delta American Railway	7411 Brenish Drive, Gaithersburg, MD	US	multi_4_plus	US__multi_4_plus
S1-300229170	Thompson Premier One	Yelm, WA, 22243 Bluewater Court, Fl 1	US	multi_2_3	US__multi_2_3
S1-664771631	Cole, Miller & Barnes LLC	798 6th Street, Des Moines, IA	US	multi_4_plus	US__multi_4_plus
S1-811774542	Urban Sahab	Sector 9A, Gurgaon, 219, Haryana	India	multi_4_plus	India__multi_4_plus
S1-61103026	Ssk (India) Rice Pvt Ltd	Plot No. 3, Main Road Bhuwana, Opp. Patel Arts, Udaipur, Rajasthan	India	multi_4_plus	India__multi_4_plus
S1-511111898	Peterson Medical Center	105 Pinos Altos Lane, Alto, NM	US	single_1	US__single_1
S1-870193093	Sk Mm Private Limited	M-51, Ram Krishna Apartment, Patparganj, East Delhi, Delhi, Delhi, East Delhi, Delhi	India	multi_4_plus	India__multi_4_plus
S1-965549055	Wilson Toyo LLC	120 Lake Drive, Stevensville, MD	US	multi_4_plus	US__multi_4_plus
S1-379431379	Deloris R. Marten, D.C. Clinic	Houston, TX, 5624 Teague Road	US	multi_2_3	US__multi_2_3
S1-79971379	Ace Realty Collective Inc	103 York Avenue, Mason City, IA	US	multi_4_plus	US__multi_4_plus
S1-881922856	MGI Infotech Limited	C/O Pundlik Raymallu, Durge, 00 Anand Nagar, Chandrapur Ho, Chandrapur, Maharashtra	India	multi_2_3	India__multi_2_3
S1-782840044	Stewart United Imperii Inc	3152 Claud Fleahop Road, Tallassee, AL	US	multi_2_3	US__multi_2_3
S1-872021944	Dental Pacific Specialists	UT, Garland, 14640 6000	US	multi_4_plus	US__multi_4_plus
S1-683400767	Cancer Council	106 Canopy Court, Mooresville, NC	US	multi_2_3	US__multi_2_3
S1-218393221	Cardiology Center LLC	Washington, 450 K Street, DC, Unit 818	US	multi_4_plus	US__multi_4_plus
S1-527942687	Womens Health Specialists PC	2132 Rockingham Rd, Davenport, IA	US	multi_2_3	US__multi_2_3
S1-924586912	Rathod Place Private Limited	J-11, Harshverdhan Nagar, Near Majar, Huzur, Bhopal, Madhya Pradesh	India	multi_4_plus	India__multi_4_plus
S1-490801230	Green Solutions Private Limited	Plot No.13, H No. 3-48-40, Shobana Colony, West Marredpally, Secunderabad, Hyderabad, Telangana	India	multi_4_plus	India__multi_4_plus
S1-540623330	Garland Cummings Atlantic Alussa	3088 Iron Mine Spring Road, Oak City, NC	US	multi_4_plus	US__multi_4_plus
S1-96122582	Unified Harbor Manufacturing LLC	IN, 131 Canal Lane, Fl 0, West Harrison	US	multi_2_3	US__multi_2_3
S1-64100697	Asm & Sons Pvt. Ltd.	Maharashtra, 320B Floor-3 Amrut Diamond House Tata Road No 1 Roxy, Mumbai, Cinema Opera House Girgaon Mumbai	India	multi_4_plus	India__multi_4_plus
S1-353948236	Golden Keystone LLC	600 Grove Parkway, Unit 1091, Tempe, AZ	US	multi_2_3	US__multi_2_3
S1-499385240	Gujarat Infotech Pvt Ltd	105, Fortune Aura, 1 Gurmeet Nagar Bhawarkua, Indore, Madhya Pradesh	India	multi_2_3	India__multi_2_3
S1-113698488	Lnr Technology Private Limited	Shop No-502 Suvas Scala, Nr. Suvas Caspia, Opp. Nikol Police Stat, Ion, Nikol, Ahmedabad, Gujarat	India	multi_4_plus	India__multi_4_plus
S1-546613568	Attleboro Youth Church	27 Summer Street, Unit 1, Attleboro, MA	US	multi_4_plus	US__multi_4_plus
S1-312468980	Cascade Fund	5645 Pardee Smith Road, Arcadia, NY	US	multi_2_3	US__multi_2_3
S1-813868011	Secure Blue Quantumsphere Inc	215 Lakeview Drive, Salem, IL	US	multi_4_plus	US__multi_4_plus
S1-641816895	Silver Impex Private Limited	Virudhunagar, D No 80 Railway Feeder Road Vdr Nul Nul, Virudhunagar, Tamil Nadu	India	multi_4_plus	India__multi_4_plus
S1-294434057	Urban Ventures Private Limited	Shiv Samruddhi Arcade, Office#A-32, 6Th Floor, Katraj-Kondhwa Road, Opp. Rmd School, Pune City, Pune, Maharashtra	India	multi_4_plus	India__multi_4_plus
S1-825265044	Shiv International Private Limited	Delhi, New Delhi, South Delhi, C-6/6016 Vasant Kunj	India	multi_4_plus	India__multi_4_plus
S1-960588220	Vargas's Sterling Appliance	13951 Hallowell Court, Dayton, MD	US	multi_2_3	US__multi_2_3
S1-23669343	Best Biomedical Enterprises	18 Iron Gate Drive, Andover, MA	US	multi_4_plus	US__multi_4_plus
S1-233325461	Zique Trading Inc	908 Hidden Valley Drive, Huron, OH	US	singleton_0	US__singleton_0
S1-689343758	Saheli & Co Co	The Spire-2, Office No.817, 8Th Floor, Raiya Road, Rajkot, Gujarat	India	singleton_0	India__singleton_0
S1-694529238	Lobos Electricity LLC	5101 12 Summitview Avenue, Yakima, WA	US	multi_4_plus	US__multi_4_plus
S1-733554453	Clarkson Delta Montreal	5420 Vision Circle, Sioux Falls, SD	US	multi_4_plus	US__multi_4_plus
S1-21792132	Winstead Rare LLC	63687 Oil Well Road, Kenai Peninsula Borough, AK	US	singleton_0	US__singleton_0
S1-961928336	Nanded (india) Private Limited	S. No 214/A, Plot No 11, Savitribai Phulenagar, Nanded, Maharashtra	India	multi_4_plus	India__multi_4_plus
S1-966587445	Preferred Apple	1921 Spencer Street, NC, Greensboro	US	multi_2_3	US__multi_2_3
S1-988009600	Raj Software Private Limited	W/O Kumar Bharat, House No. 12, Kishore Bhawan, Justice Mandal Path, Patna, Bihar	India	single_1	India__single_1
S1-776797850	Flores, Kirkpatrick and Frese Enterprises	TX, Houston, 631 Allen Genoa Road	US	multi_2_3	US__multi_2_3
S1-42407322	Prissie Glover Plum LLC	768 B F Terry Circle, Savannah, TN	US	multi_2_3	US__multi_2_3
S1-923378594	Cortez, Kinney and Mcnear LLC	18801 Red Lake Drive, Manor, TX	US	multi_4_plus	US__multi_4_plus
S1-425916379	KNL Williams LLC	922 Lobster Trap Lane, Tempe, AZ	US	singleton_0	US__singleton_0
S1-749727825	Fisher Charter School Center	7550 Pecue Lane, Unit UNIT 33, St. George City, LA	US	multi_2_3	US__multi_2_3
S1-691021205	Narvaez Vanguard Solutions	1070 County Road 2269, Cleveland, TX	US	multi_4_plus	US__multi_4_plus
S1-132606107	Tovue Inflection Inc	IN, Indianapolis, 8554 Kousa Drive	US	multi_2_3	US__multi_2_3
S1-862393895	Keller, Payne & Lopez Analytics LLC	315 Barber Road, Ashland, KY	US	multi_2_3	US__multi_2_3
S1-314045617	Williams Premier Xrp	845 Mildred Avenue, Dundalk, MD	US	multi_2_3	US__multi_2_3
S1-958873218	Summit Total Oyj Inc	428 St Helens Avenue, Tacoma, WA	US	multi_2_3	US__multi_2_3
S1-992248768	Rangoli Impact Private Limited	#39, 2Nd Floor, Sreepuram Adi'S Complex, Opp.Ganesh Bhavan, 3Rd Main, 4Th Cross, Hanumanth Nag, Ar, Bangalore, Karnataka	India	multi_2_3	India__multi_2_3
S1-194085686	Segundo National Medical	285 Highway 90, Beaumont, TX	US	singleton_0	US__singleton_0
S1-436972386	FJ Piedmont Figx LLC	39393 Parsons Road, Grafton, OH	US	multi_4_plus	US__multi_4_plus
S1-529589203	Unique Marketing Private Limited	Shop No. 13, 14, 21/25, Ganeesham, Wing C, Flat No. 604, Pimple Saudagar, Pune City, Pune, Maharashtra	India	multi_2_3	India__multi_2_3
S1-188184305	Primary Care Liberty Partners Inc	1838 Beatty Road, Hillsboro, OH	US	single_1	US__single_1
S1-875776648	Western Pacific Concepts LLC	20 Vinland Drive, Dennis, MA	US	singleton_0	US__singleton_0
S1-134789038	Evernew Solutions Pvt Ltd	D-4/149, Ground Floor Sangam Vihar, Delhi, South Delhi, Delhi	India	multi_2_3	India__multi_2_3
S1-956515241	Rerius Railway	1021 Des Plaines Avenue, Unit C507, Forest Park, IL	US	multi_4_plus	US__multi_4_plus
S1-224996845	Anand Anand Infra Private Limited	Room No. Ii/522-D, Padinhattumuri Town, Perinthalmanna, Malappuram, Malapuram, Kerala	India	multi_4_plus	India__multi_4_plus
S1-620883655	PL Systems Private Limited	Hno.10433, Gali No.322, Sanjay Colony, Sec-23, N.I.T., Faridabad, Haryana	India	multi_4_plus	India__multi_4_plus
S1-8311113	Indian Technology Private Limited	11-1-864/F3 Srrtharam Bagh, Old Mallepally, Telangana, Hyderabad	India	multi_2_3	India__multi_2_3
S1-229209969	Aultman Pelican Care	12932 Kingsbridge Lane, Houston, TX	US	multi_4_plus	US__multi_4_plus
S1-546325650	Physical Therapy Specialists	3102 3990, Winnsboro, TX	US	multi_2_3	US__multi_2_3
S1-471710027	Hough, Crooms & Soto Inc	236 Washington Terrace, Whitman, MA	US	multi_4_plus	US__multi_4_plus
S1-375348297	United Foods LLC	4455 Hodge Road, Memphis, TN	US	multi_4_plus	US__multi_4_plus
S1-824789952	Teclarify	OR, Camas Valley, 212 Dancer Road	US	multi_4_plus	US__multi_4_plus
S1-518175973	Real Products Private Limited	Satyam Multiplex, Office No. 7, First Floor 103, Sector 12A, Avas Vikas Colony, Agra, Uttar Pradesh	India	multi_4_plus	India__multi_4_plus
S1-893566090	Raymond Boral Inc	DC, 937 15th Street, Washington	US	multi_4_plus	US__multi_4_plus
S1-999493708	Lords Student (India) Limited	848/1 Nirankari Street No 5G T Road Ludhiana, Punjab, Ludhiana, Punjab	India	multi_2_3	India__multi_2_3
S1-712018880	Gujarat Technologies Private Limited	65 Lakshya Vihar Kanadia Road, Indore, Madhya Pradesh	India	multi_2_3	India__multi_2_3
S1-774049047	Flamingo It Private Limited	Hno.C-125, Street No.4, Rajiv Nagar West, Sadar Bazar, Gurgaon, Haryana	India	multi_2_3	India__multi_2_3
S1-510772858	Life Agro Private Limited	35, 26/2A/2, Anand Nagar, Pathardi, Tal. Pathardi, Pathardi, Ahmed Nagar, Maharashtra	India	multi_2_3	India__multi_2_3
S1-777095166	Cinnamon Diaz Apple	2015 Wright Street, Austin, TX	US	multi_4_plus	US__multi_4_plus
S1-759712828	Mount Emanuel	82 Seneca Street, Geneva, NY	US	multi_4_plus	US__multi_4_plus
S1-990629891	Pinnacle Coastal Solid, LLC	Spokane, WA, 3617 24th Avenue	US	multi_4_plus	US__multi_4_plus
S1-960071581	Midwest Hub	4163 Beachcomber Lane, Lanark, IL	US	multi_2_3	US__multi_2_3
S1-825738764	Gujarat Infra Private Limited	Flat No-4204, 42Nd Floor, Imperial Heights Tower, Goregaon West, Mumbai, Maharashtra	India	multi_4_plus	India__multi_4_plus
S1-227660953	Pioneer Cosmetics Inc	9684 Soaring Oaks Drive, Elk Grove, CA	US	multi_4_plus	US__multi_4_plus
S1-803808496	Ace Logistics Labs	4250 Imperial Drive, Springfield, OH	US	multi_2_3	US__multi_2_3
S1-995891213	Behavioral Health Physicians of Cedar Lake LLC	14927 Euclid Street, Cedar Lake, IN	US	singleton_0	US__singleton_0
S1-767282763	Leix Rocky Security Services Inc.	1162 Crawford Road, Rock Hill, SC	US	multi_2_3	US__multi_2_3
S1-499382294	Blanco Lifesciences	671 Alpha Avenue, Brownsburg, IN	US	multi_4_plus	US__multi_4_plus
S1-59306807	Hunger Prairie Initiative L.L.C.	2004 Tumbleweed Drive, Village Of Prairie Du Sac, WI	US	multi_2_3	US__multi_2_3
S1-70965716	Sai Systems Pvt Ltd	10/1 Burtolla Street Ground Floor, Kolkata, Calcutta, West Bengal	India	multi_2_3	India__multi_2_3
S1-204983053	Quia Tri-State Sterling	48 Averill Place, Branford, CT	US	multi_4_plus	US__multi_4_plus
S1-378475107	Maruthi Advisors	House No-243, Village Najiapur, Delhi, North Delhi, Delhi	India	multi_2_3	India__multi_2_3
S1-335166392	South Agro Pvt Ltd	Se-146, Jaipuria Sunrise Plaza, Ahinsa Khand-1 Indirapuram, Ghaziabad, Uttar Pradesh	India	multi_4_plus	India__multi_4_plus
S1-650353799	Bangalore Steel Private Limited	03, 21/42, 1St Floor West Side, 2Nd Cross, 2Nd Main, Muneshwara Layout, Haralukunte, Bangalore, Karnataka	India	multi_4_plus	India__multi_4_plus
S1-783922722	Precision Trading Pvt Ltd	Vishal Corpn Building Narolchar Rasta Narol, Ahmedabad, Gujarat	India	multi_4_plus	India__multi_4_plus
S1-945827504	Kamdhenu Chits Private Limited	K.V.Rangareddy, Serilingampally, Telangana, P.No-D, Syno-1-13, 17, 19-21, Huda Trade Centre	India	multi_4_plus	India__multi_4_plus
S1-812886866	Creative Purchase Private Limited	No 19/2/369/108/15 Chandulal, Baradari Colony, Hyderabad, Telangana	India	multi_2_3	India__multi_2_3
S1-299628100	GZO Tri-State Home Improvements LLC	729 Harry Shirley Road, Kearneysville, WV	US	multi_4_plus	US__multi_4_plus
S1-912637870	Niemi's Systems	2817 Sharon View Road, Charlotte, NC	US	multi_4_plus	US__multi_4_plus
S1-879412470	Golden Brewing Co	18 Grand Canyon Court, Sacramento, CA	US	multi_2_3	US__multi_2_3
S1-896220156	Cts Nursing Home	23 Masjid Road, Jangpura Bhogal, New Delhi, South Delhi, Delhi	India	multi_2_3	India__multi_2_3
S1-991581490	Behavioral Health Partners	Town Of Campbell, WI, 1908 Caroline Street	US	single_1	US__single_1
S1-326661103	New Delhi Trading Private Limited	N-107, 3Rd Floor, Greater Kailash-I, New Delhi, South Delhi, Delhi	India	multi_4_plus	India__multi_4_plus
S1-597398434	American Institute of Technology	NY, 15 Ridge Drive, Southampton	US	multi_2_3	US__multi_2_3
S1-953782261	Desert Green Advanced Co	WA, 203 Olympus Boulevard, Port Ludlow	US	multi_2_3	US__multi_2_3
S1-385432549	Behavioral Health Care Associates of Salisbury Inc	33 Beach Road, Salisbury, MA	US	multi_2_3	US__multi_2_3
S1-891521501	(india) Dhana Risk Private Limited	10Th Floor Nesco, Tower 4, Western Express, Vo-588, Goregaon East, Maharashtra, Mumbai	India	multi_2_3	India__multi_2_3
S1-402731785	Gyaan (India) Infosolutions Private Limited	3/464 Rangaswamy Nayakar 1St Street Karapakkam, Chennai, Kancheepuram, Tamil Nadu	India	multi_4_plus	India__multi_4_plus
S1-579701491	Albertina Chou Dogecoin	15617 18th Street, Bellevue, WA	US	multi_4_plus	US__multi_4_plus
S1-210602754	Best Piedmont Webster	Buckland, 124 North Street, MA	US	single_1	US__single_1
S1-14745303	Cunningham United Aspen, LLC	1407 Graham Farm Circle, Fl 0, Severn, MD	US	multi_4_plus	US__multi_4_plus
S1-232257582	Growth Facility Private Limited	1312 Sudama Nagar, Indore, Madhya Pradesh	India	multi_4_plus	India__multi_4_plus
S1-444955163	A Integrated Legato	45771 Langley Park Way, Lexington Park, MD	US	singleton_0	US__singleton_0
S1-129914450	Suzanna Mclin, M.D., M.D., P.C.	144 Harrison Street, Buffalo, NY	US	multi_4_plus	US__multi_4_plus
S1-249179779	Children's Network	14300 112th Avenue, Unit #3, Tigard, OR	US	multi_2_3	US__multi_2_3
S1-377745466	B+ Retail Inc	1712 Montebello Avenue, Phoenix, AZ	US	multi_4_plus	US__multi_4_plus
S1-364130721	KL Precision Tree LLC	24810 Jacana Drive, Magnolia, TX	US	multi_2_3	US__multi_2_3
S1-474997434	Advanced Payment Solutions Associates	1266 Kentucky Street, Bowling Green, KY, Unit 419	US	multi_4_plus	US__multi_4_plus
S1-469422586	Vantex Legato, LLC	16 Prospect Street, Plattekill, NY	US	multi_4_plus	US__multi_4_plus
S1-494937590	U & X Builders Inc	TN, 3633 Falkirk Way, Ooltewah	US	multi_2_3	US__multi_2_3
S1-190028025	Apex Creative Solutions	2721 Greenmount Avenue, Baltimore, MD	US	multi_2_3	US__multi_2_3
S1-42681495	Gulf International LLC	616 Shepherd Hollow Road, Indian Mound, TN	US	multi_2_3	US__multi_2_3
S1-6956394	Preferred Maywood LLC	18545 Hoo Shoo Too Road, St. George City, LA	US	multi_4_plus	US__multi_4_plus
S1-957760619	Helios Oncology LLC	3996 Cr 4225, Independence, KS	US	multi_4_plus	US__multi_4_plus
S1-534385322	Balaji Logistics Private Limited	Randhawa International Batala Road, Amritsar, Punjab	India	single_1	India__single_1
S1-593759410	Behavioral Health Medicine Inc	170 Stroud Road, Shelton, WA	US	multi_2_3	US__multi_2_3
S1-493363382	Mitchell Rock of Phoenix, LLC	17950 68th Street, Unit 1044, Phoenix, AZ	US	multi_4_plus	US__multi_4_plus
S1-714716867	Ardyce Cox Automobile, Inc	3 Frontier Street, Chapmanville, WV	US	multi_2_3	US__multi_2_3
S1-346603579	Reliable Quality Motors LLC	Utica, 21 Rose Place, NY	US	single_1	US__single_1
S1-897917612	Hiland Light Ltd	Flat 704 Tuxedo Apartment, 176 Inner Ring Road, Velachery, Chennai City Corporation, Chennai, Tamil Nadu	India	multi_4_plus	India__multi_4_plus
S1-951011250	Proton Services Private Limited	Gut No 11, Plot No 34, Wadgaon Aurangabad, Wadgaon Khurd, Aurangabad, Maharashtra	India	multi_4_plus	India__multi_4_plus
S1-828260844	Precision Learning Enterprises LLC	MD, 9805 Lake Shore Drive, Montgomery Village	US	multi_4_plus	US__multi_4_plus
S1-839067903	Dustin Premier Spdr	2602 Hemlock Avenue, Baltimore, MD	US	multi_4_plus	US__multi_4_plus
S1-757977718	Regional Computing LLC	20360 Mcshepherd Road, Georgetown, TX	US	multi_2_3	US__multi_2_3
S1-711355756	Melitta G. Stafford, MD	36330 Vidlak Drive, San Tan Valley, AZ	US	multi_4_plus	US__multi_4_plus
S1-442976106	First Cathedral	44 Pocono Road, Columbus, OH	US	singleton_0	US__singleton_0
S1-981080475	Liberty Animal Hospital, Inc	1386 2 Street, Brooklyn, NY	US	multi_2_3	US__multi_2_3
S1-482913899	Fortune Wellness	Bihar, Siwan, 1B, Smt Sonamati Devi Andar Dhala Laxmipur	India	multi_2_3	India__multi_2_3
S1-286061787	Novio Babcock LLC	NC, High Point, 3650 Rising River Lane	US	multi_4_plus	US__multi_4_plus
S1-73103237	W 7 Vanguard Bsp Inc	905 Borderland Road, El Paso County, TX	US	multi_2_3	US__multi_2_3
S1-363752158	RD Hotel LLC	16807 Manning Street, CA, Victorville	US	multi_2_3	US__multi_2_3
S1-744419979	Burnside Pembina LLC	501 12th Street, Sacramento, CA	US	multi_2_3	US__multi_2_3
S1-770208796	YO Vii LLC	3404 Collins Ln, Louisville, KY	US	multi_4_plus	US__multi_4_plus
S1-496255361	Auto Consulting Limited	Pradhana Ram Ravi Nagar P No.128, Pal, Jodhpur, Rajasthan	India	multi_4_plus	India__multi_4_plus
S1-222806068	Maa Products Private Limited	No.89, 2Nd Floor, Jr Plaza Cmc Road, Senjai, Karaikudi, Sivaganga, Tamil Nadu	India	multi_4_plus	India__multi_4_plus
S1-171343214	Jeniffer Ballard Pan LLC	38828 Wilson Avenue, Selbyville, DE	US	multi_4_plus	US__multi_4_plus
S1-241686597	Romero Technologies Co	TN, 27 Creekbend Cove, Jackson	US	multi_4_plus	US__multi_4_plus
S1-671129885	Mara M. Snell, DMD	15911 Bazelbriar Lane, Missouri City, TX	US	single_1	US__single_1
S1-873228324	Nd West Projects Pvt Ltd	306, Runwal Heights Commercial Complex, Opp. Nirmal Lifestyle, L.B.S. Marg, Mulu, Nd West, Mumbai, Maharashtra	India	multi_4_plus	India__multi_4_plus
S1-102873845	Bostic Liquidity	UT, 611 Carbonville Road, Price	US	multi_2_3	US__multi_2_3
S1-732632231	Prime Technology Private Limited	K-1/30 Chittaranjan Park, New Delhi, Delhi	India	multi_2_3	India__multi_2_3
S1-775213022	N Delhi Support Pvt Ltd	Britt House E-16 East Ofkailash, N Delhi, South Delhi, Delhi	India	single_1	India__single_1
S1-270087351	Suryanth Solutions	10111, Sobha Aspire Apt, Nagasandra, 8Th Mile, Bangalore North, Bangalore, Karnataka	India	multi_2_3	India__multi_2_3
S1-591413156	Udupi Micro Ltd	No 1-331B Naga Kripa Near, Railway Bridge Shivalli, Udupi, Karnataka	India	multi_2_3	India__multi_2_3
S1-48818265	Baird & Salcido Apple LLC	10 Dupuis Avenue, Lewiston, ME	US	multi_4_plus	US__multi_4_plus
S1-257923459	Classic Apparel Holdings	687 Mill Street, Unit Lot 5, City Of Barron, WI	US	multi_2_3	US__multi_2_3
S1-380091161	Black Products Private Limited	Kalathil House, Ernakulam, 52/632 B, Janatha Road, Vyttila P.O, Kerala, Ernakulam	India	singleton_0	India__singleton_0
S1-231150153	Construction Krishna Housing Private Limited	401Surya Kiran Kasturba Gandhi Marg, New Delhi, Central Delhi, Delhi	India	single_1	India__single_1
S1-840031094	Bridges Synchrony LLC	4595 Taylorsville Highway, NC, Statesville	US	multi_2_3	US__multi_2_3
S1-106221717	Aditya Sun Consultants Private Limited	Sy.No.1009, Flat No.60206, Iind Floor, Maple Block Indufortune Fields, 13 Phase, Kphb Colony, Kukatpally, Hyderabad, Telangana	India	multi_4_plus	India__multi_4_plus
S1-253788459	Hermanson, Fritz and Haynes Neurosciences	1540 Hecht Drive, Unit E, Bartlett, IL	US	multi_4_plus	US__multi_4_plus
S1-629105478	Jaipur Foods Corp	Bishnawala Sirsi Road, Jaipur, Kataria Krishi Farm, Rajasthan	India	multi_2_3	India__multi_2_3
S1-11166434	County Of	425 River Crossing Trail, Round Rock, TX	US	multi_2_3	US__multi_2_3
S1-649450166	Great India Clinic	Eternia Block 24/3E Madhyamgram, Badu Road Madhyamgram, Barasat - Ii, North 24 Parganas, West Bengal	India	multi_4_plus	India__multi_4_plus
S1-15290693	Horizon Clean Briacell Inc	Kyle, 165 Goddard, TX	US	multi_4_plus	US__multi_4_plus
S1-189168540	Mohan Holdings	No 1563, 3Rd Floor, 8Th Cross, Opp Bmtc Bus Depot, 1St Stage, Bangalore North, Bangalore, Karnataka	India	multi_4_plus	India__multi_4_plus
S1-923356272	Deena Dhaliwal All Titan	45 Old Ponsett Road, Haddam, CT	US	multi_4_plus	US__multi_4_plus
S1-114649319	Balaji Logistics Private Limited	1378-79, Fyaz Ganj, Bahadurgarh Road, Delhi, North Delhi, Delhi	India	multi_4_plus	India__multi_4_plus
S1-356398938	Nexque Westin LLC	801 Lee Street, Gibsonville, NC	US	multi_2_3	US__multi_2_3
S1-128057058	Alexander Superior Travel	Worcester Township, 2572 Muirfield Way, PA	US	multi_2_3	US__multi_2_3
S1-731817903	Complete Mustang LLC	1343 Hatfield Drive, Evansville, IN	US	multi_2_3	US__multi_2_3
S1-843843070	United Technologies	Flt 110, Grd Flr, Lbs Municipal L Napoo Road Matunga Cr, Matung, A, Mumbai, Mumbai City, Maharashtra	India	singleton_0	India__singleton_0
S1-51827563	Paramsukh Trading Co	Pune, Flno Chourang Smitshilp S 93/1B Mahadeo Nagar Manjari, Maharashtra, Pune	India	multi_2_3	India__multi_2_3
S1-126736366	Raber Interests PLLC	3818 Napier Field Road, Unit Lot C306, Dothan, AL	US	multi_2_3	US__multi_2_3
S1-920187277	Hope Trading Private Limited	Plot No 27, Ectv Nagar Extn, Pozhichalur, Tambaram, Kanchipuram, Tamil Nadu	India	multi_2_3	India__multi_2_3
S1-868054757	Keystone Mobility Studios Ltd	748 Franklin Road, Vernon, VT	US	multi_4_plus	US__multi_4_plus
S1-67120855	Delhi Glow Limited	Unit No. 136, 1St Floor, Vardhamn Grand Plaza, Sector, Delhi, North West Delhi, Delhi	India	singleton_0	India__singleton_0
S1-387251217	Peppy Engineering Limited	Shop No.1A, Parvati Bhavan, Dr.Mitrasenmahimutra Marg, Mumbai, Maharashtra	India	multi_4_plus	India__multi_4_plus
S1-360815642	Baex LLC	Phoenix, AZ, 4037 Maricopa Street	US	multi_2_3	US__multi_2_3
S1-404828568	Lumis Thunder Inc	9 Wood Street, Camden, ME	US	multi_4_plus	US__multi_4_plus
S1-315247770	Supreme Solutions Private Limited	Karnataka, Trisha, 2Nd Floor, 6Th Block, Sir M V Layout, Bangalore, No 3639, Bangalore	India	multi_2_3	India__multi_2_3
S1-396444871	India Dbn Solutions Pvt Ltd	778/A, 3Rd Floor, Chinnaswamy Chambers, Binnamangala, 12Th Cross, Double Road, Indiranagar 2Nd Stage, Bangalore North, Bangalore, Karnataka	India	multi_4_plus	India__multi_4_plus
S1-648674437	Perfect Producer Private Limited	1-1-336/100/A/A, Near Tyagarayaganasabha Vivek Nagar, Chikkadpally, Hyderabad, Telangana	India	multi_2_3	India__multi_2_3
S1-459772659	Saurashtra Farming Private Limited	203 Status Aparmentyari Road Varsova Andheri (West), Mumbai, Mumbai City, Maharashtra	India	multi_4_plus	India__multi_4_plus
S1-358549415	Memorial Trust	8130 Pueblo Avenue, Phoenix, AZ	US	multi_2_3	US__multi_2_3
S1-339696594	Montex Mckinley	6655 Juniper Avenue, Twentynine Palms, CA	US	multi_2_3	US__multi_2_3
S1-235586975	Kera Healthcare Private Limited	Flat 304, Building 1 Wing A2, Uttam Townscapes, Maharashtra, Pune, Sr. No 154, Pune	India	multi_4_plus	India__multi_4_plus
S1-331578066	Reliable Telecom Enterprises Clinic	IL, Bartlett, 1221 Rose Court	US	multi_4_plus	US__multi_4_plus
S1-541524113	Ace Sports LLC	2104 La Salle Avenue, Lubbock, TX	US	multi_2_3	US__multi_2_3
S1-591936792	Big Ice Cream	1087 125, Sunset, UT	US	multi_4_plus	US__multi_4_plus
S1-594231533	Mag & Sons Private Limited	2005 S/F Pillanji Kotla Mubark Pur Near Mcd C, Omm.Center, New Delhi, South Delhi, Delhi	India	multi_2_3	India__multi_2_3
S1-431724918	Henson Supply	154 4th Street, OH, Columbus	US	multi_2_3	US__multi_2_3
S1-949224078	Family Grand Partners LLC	152 Morrison Road, Westport, NY	US	single_1	US__single_1
S1-493177664	Spr Trading LLP	783, Yashodama Erandavana Nearkamla Nehru Park, Pune, Maharashtra	India	multi_2_3	India__multi_2_3
S1-714334369	Rosalynd Edgeworth Empire Daedalus	36993 Crucillo Drive, Queen Creek, AZ	US	multi_4_plus	US__multi_4_plus
S1-953712905	Caralie Whitney Pinnacle Saul, LLC	VA, Fairfax County, 6178 Arlington Boulevard	US	multi_4_plus	US__multi_4_plus
S1-514345802	Luce Schrader Allied Rice Inc	Columbus, 1384 Sullivant Avenue, OH	US	multi_2_3	US__multi_2_3
S1-459863437	Shree Food Private Limited	Plot No. 296, Sumati Smruti Chs.Swantantra Veer Savarkar Marg. Catering College, Dadar West, Mumbai City, Maharashtra	India	multi_2_3	India__multi_2_3
S1-91890249	South Services LLP	C/O - Mita Mukherjee, Kochdihi, Jhanjra Burdwan, Laudoha, Bardhaman, West Bengal	India	multi_4_plus	India__multi_4_plus
S1-994143880	Taylor Nmp LLC	1905 Winchester Avenue, Middlesboro, KY	US	multi_4_plus	US__multi_4_plus
S1-615348980	Smith & Roberts Fresenius	102 Oak Ridge Cove, Pflugerville, TX	US	multi_4_plus	US__multi_4_plus
S1-7350159	Colonial International Inc	Easton, Unit 4110, MD, 700 Port Street	US	multi_4_plus	US__multi_4_plus
S1-40231274	Jordan Opendoor Inc	232 Luna Circle, Folsom, CA	US	multi_4_plus	US__multi_4_plus
S1-82893030	Straight Edge Hair Studio	10384 Humboldt Avenue, Rancho Cucamonga, CA	US	multi_2_3	US__multi_2_3
S1-798731478	First Trusted Idea	WV, 4911 Raven Drive, Charleston	US	multi_4_plus	US__multi_4_plus
S1-553330268	Tech Care Private Limited	41, Jeliapara Lane, Po Salkia, Lp 57/16, Howrah, Howrah, West Bengal	India	multi_2_3	India__multi_2_3
S1-518074091	Jan India) Private Limited	Mumbai City, Maharashtra, Mumbai, 31 Sahakar Building, B Road, Churchgate	India	multi_2_3	India__multi_2_3
S1-41022735	Education Federation	2945 24th Avenue, Emporia, KS	US	multi_2_3	US__multi_2_3
S1-388333810	Autism Assistance Council VI	8828 Mandalay Way, Elk Grove, CA	US	multi_2_3	US__multi_2_3
S1-520682975	Cozy Yoga Inc.	734 Commodore Street, Clayton, NC	US	multi_4_plus	US__multi_4_plus
S1-894969915	Royal Wholesale Holdings	1005 Madison Square, Nashville, TN	US	multi_4_plus	US__multi_4_plus
S1-758494616	Precision Golden Rio	197 Blossom Hill Road, Coeymans, NY	US	multi_2_3	US__multi_2_3
S1-143442132	Meenan (i) Limited	302, Rosedale Apts, 15, Hutchins Road Cooke Town, Bangalore, Karnataka	India	multi_4_plus	India__multi_4_plus
S1-649506567	Mountain Montessori School	Chino, Unit UNIT 174, CA, 13160 Sixth Street	US	multi_4_plus	US__multi_4_plus
S1-360696286	Global Endocrinology	9716 Yates Street, Omaha, NE	US	multi_2_3	US__multi_2_3
S1-730064090	Williams, Terry, M.D.	9864 Leland Avenue, Unit UNIT 417, Schiller Park, IL	US	multi_2_3	US__multi_2_3
S1-590221431	Staton, Post and Shuman Atlas	1205 15th Street, Anacortes, WA	US	multi_2_3	US__multi_2_3
S1-908688681	Sterling Media Group	223 Eckford Street, Brooklyn, NY	US	multi_4_plus	US__multi_4_plus
S1-354581542	Spencer Ace Yhn LLC	7158 Wildbriar Drive, Dallas, TX	US	multi_2_3	US__multi_2_3
S1-558231286	KM Vanguard Neurosciences Inc	522 Whitney Oaks Lane, Stafford, TX	US	multi_2_3	US__multi_2_3
S1-170558563	Sanchez Trusted Otg Clinic	Rising Star, TX, 502 36	US	multi_2_3	US__multi_2_3
S1-893406941	Surat Infotech Pvt Ltd	Balamurugan Theatre Complex 48/2A, Bye Pass, Poonamallee, Chennai, Tamil Nadu	India	multi_4_plus	India__multi_4_plus
S1-550190717	Althea Patrick Works Inc	855 Foch Street, Fort Worth, TX	US	multi_2_3	US__multi_2_3
S1-867898780	Oncology Great Physicians	13522 Lupine Road, Cass Lake, MN	US	multi_2_3	US__multi_2_3
S1-453268471	Herminia Stafford, CPA, P.C.	70 Bishops Ridge Drive, Albemarle County, VA	US	multi_4_plus	US__multi_4_plus
S1-810708354	Krishna Foods	Maharashtra, 3Rd Floor, 38, Cawasji Patel Street, Mumbai, Kamer Bldg, Fort	India	multi_4_plus	India__multi_4_plus
S1-510948454	Condon Family Office LLP	1240 Pleasant Ridge Road, Unit 2D, Greensboro, NC	US	multi_2_3	US__multi_2_3
S1-795240333	Joo Lion Inc	28 Cambria Lane, Smyrna, DE	US	singleton_0	US__singleton_0
S1-992495575	Wood, Thrall and Haynes Latin	11501 Paganica Way, Albuquerque, NM	US	multi_4_plus	US__multi_4_plus
S1-938033743	Emmeline Delarosa, DO	Independence, MO, 24911 Truman Road	US	multi_4_plus	US__multi_4_plus
S1-584058135	Jay It Private Limited	F No.702 Labh Srushti, 123 Vallabh Bhai Patel Road, Vile Parle (W), Mumbai, Mumbai City, Maharashtra	India	multi_2_3	India__multi_2_3
S1-439671313	AH Grand Hub Ltd	200 Seth Green Drive, Unit Suite 226, Rochester, NY	US	multi_2_3	US__multi_2_3
S1-99459835	Leyva Preferred Sea LLC	1322 Velma Street, Deer Park, TX	US	multi_4_plus	US__multi_4_plus
S1-213737276	Premier Ram Infra Private Limited	Sharda Housing Society, Tembhurni Road Near Godas, Madha, Solapur, Maharashtra	India	multi_2_3	India__multi_2_3
S1-579361456	Holy Cathedral	15715 Steamboat Way, Silver Spring, MD	US	multi_2_3	US__multi_2_3
S1-684367924	Om Investment Private Limited	702, Kritika Tower Chs Ltd, Sion Trombay Road, Nr R K Studio, Chembur (E), Mumbai, Mumbai, Maharashtra	India	multi_4_plus	India__multi_4_plus
S1-219022508	Red Marketing Private Limited	No 145, 7Th Street, Ganesh Avenue Sakthi Nagar, Porur, Chennai, Tamil Nadu	India	multi_2_3	India__multi_2_3
S1-179423164	A Clear Lending LLC	1911 13th Avenue, Seattle, WA	US	multi_4_plus	US__multi_4_plus
S1-806230810	Atlantic Veterinary Clinic	10071 Center Road, Fountain City, IN	US	multi_4_plus	US__multi_4_plus
S1-742878440	Metropolitan Sun LLC	33 Dakota Street, Portland, ME	US	multi_2_3	US__multi_2_3
S1-868974337	Life Hospitality Private Limited	C/O- Vijay Singh, Morena, Madhya Pradesh, Sajan Pura Porsa	India	singleton_0	India__singleton_0
S1-320561218	Ludhiana Traders-Jaipur	100-A, Nemi Sagar Colony, Jaipur, Rajasthan	India	multi_4_plus	India__multi_4_plus
S1-291673388	Apex Healthcare Pvt Ltd	A - 160 Defence Colony, New Delhi, South Delhi, Delhi	India	multi_4_plus	India__multi_4_plus
S1-9355688	Oro International School Pvt Ltd	Gautam Buddha Nagar, Surajpur Site C, Extn, Phase-1, Noida, Uttar Pradesh, Villa Nob51 Plotno Bgh A Upsidc Housing Sector	India	multi_2_3	India__multi_2_3
S1-310570321	Solova Fact LLC	4629 Sherwood Avenue, Downers Grove, IL	US	multi_4_plus	US__multi_4_plus
S1-725079115	Platinum Creative Holdings	11 Hearthstone Road, Yonkers, NY	US	multi_4_plus	US__multi_4_plus
S1-953665805	Economic Development Network	2749 Oberlin Road, Raleigh, NC	US	multi_4_plus	US__multi_4_plus
S1-943489412	Wise Traders Private Limited	C/O Sh. Sohan Pal Singh Vill-Sunehera, Bulandshahr, Uttar Pradesh	India	multi_2_3	India__multi_2_3
S1-544515663	Krittech Steels	302 Santoor Apartment 87 88 Azad Society Ambawadi, Ahmedabad, Gujarat	India	multi_2_3	India__multi_2_3
S1-157361993	Desert Society	10263 400, Idaville, IN	US	multi_2_3	US__multi_2_3
S1-955213395	Wildlife Foundation	227 Ellington Place, Nashville, TN	US	multi_4_plus	US__multi_4_plus
S1-536677513	Odi Producer Private Limited	33/15, Eldams Road Alwarpet, Chennai, Tamil Nadu	India	multi_2_3	India__multi_2_3
S1-465835586	Jeralee's Tire Shop	951 Hillswood Road, Unit K, Bel Air, MD	US	multi_4_plus	US__multi_4_plus
S1-476195607	Raj Exports LLP	No.57, 9Th Cross, 5Th Main Road, Chamrajpet, Bangalore South, Bangalore, Karnataka	India	multi_2_3	India__multi_2_3
S1-234439628	Solstice Clinic	337 Central Avenue, Unit Unit A, Lawrence, NY	US	single_1	US__single_1
S1-403168933	Withers Idaho	18150 Cf Loop, Savanna, IL	US	multi_2_3	US__multi_2_3
S1-806370481	Angela Blake Best Currencyshares	5345 Stone Church Hollow Road, Shawnee, OH	US	multi_4_plus	US__multi_4_plus
S1-453963106	Taylor, Stewart & Posner Financial LLC	4716 Plum Blossum Drive, Knightdale, NC	US	multi_2_3	US__multi_2_3
S1-184883568	International Care Private Limited	Room No. 24, Aram Nagar No. 1, Opp. Dariya Mahal, Andheri West, Vesava (Versova), Mumbai, Mumbai City, Maharashtra	India	multi_4_plus	India__multi_4_plus
S1-367299643	Cardiology Group	1620 12th Street, Tuscaloosa, AL	US	multi_2_3	US__multi_2_3
S1-989765718	Indo Media Private Limited	Mig 819, Kphb Colony Phase-Ii, Kukatpally, Hyderabad, Telangana	India	multi_2_3	India__multi_2_3
S1-340442244	Horton Quetta Inc	61157 Sydney Harbor Drive, Bend, OR	US	multi_2_3	US__multi_2_3
S1-520662601	Bharat Prime Constructions Private Limited	Plot No 356 A Pt Haryali Village, Kannamwar Nagar 1, Atmaram Surve Marg, Near Kinnari Hall, Vikhroli (E), Mumbai, Maharashtra	India	multi_4_plus	India__multi_4_plus
S1-242788413	Jrm Sciences-<CITY_NAME>	Sardar Nagar Morbi, Rajkot, Gujarat	India	multi_2_3	India__multi_2_3
S1-12132671	Patriot Archimedes	6458 Poplar Avenue, Hubbard, OH	US	multi_2_3	US__multi_2_3
S1-940389575	Panchali Brothers	Pakurtala More, Nazrul Sarani Ashrampara, Siliguri, West Bengal	India	multi_2_3	India__multi_2_3
S1-942584485	BKR Stifel	50 Grimm Road Spur, Meredith, NY	US	multi_4_plus	US__multi_4_plus
S1-159677035	Carlson Diagnostics	44 Berwyn Street, South Hadley, MA	US	multi_4_plus	US__multi_4_plus
S1-694519573	Regan Butler Midwest Interactive PC	120 Fort Pond Boulevard, East Hampton, NY	US	multi_4_plus	US__multi_4_plus
S1-290109287	T+ Software LLC	305 Mclane Road, Unit E, Payson, AZ	US	multi_4_plus	US__multi_4_plus
S1-962686335	Aurobindo Syntex Ltd	Shop -10 Madhu Vihar Chs Ltd Bhd Patel Nagar M G X Rd New 44 Feet Rd Kandivali, Mumbai, Mumbai City, Maharashtra	India	multi_2_3	India__multi_2_3
S1-191430141	Daia LLC	1587 Pisgah Ridge Road, Pulaski, TN	US	multi_2_3	US__multi_2_3
S1-478260814	Innovative Finance Pvt Ltd	C 58 Basementab Kalkaji, New Delhi, South Delhi, Delhi	India	multi_4_plus	India__multi_4_plus
S1-926778370	Riverview India Private Limited	103, H.No. 7/1/455/2, Mahindra Residency Beside Aditya Tradem Centre, Ameerpet, Hyderabad, Telangana	India	multi_4_plus	India__multi_4_plus
S1-678291204	Caldeon Jones	15196 Covebrook Lane, IN, Fishers	US	single_1	US__single_1
S1-919733927	Confer's Produce, Inc.	1044 Stonehaven Drive, City Of North Salt Lake, UT	US	multi_2_3	US__multi_2_3
S1-154848511	Land & Hightower	2830 Bernower, Unit 8, Massillon, OH	US	multi_4_plus	US__multi_4_plus
S1-32453495	Er Savings Associates	Ix/432-B 17 C Arista, Olive Kalista, Ernakulam, Kerala	India	multi_4_plus	India__multi_4_plus
S1-309524583	Asset Building Federation	1458 2050th Avenue, Mendon, IL	US	multi_4_plus	US__multi_4_plus
S1-809024061	Digiovanni Management LP	9826 Rocky Wash Drive, AZ, Tucson	US	multi_2_3	US__multi_2_3
S1-498380812	Rosas Abacus LLC	TX, Austin, 1200 San Antonio Street	US	multi_4_plus	US__multi_4_plus
S1-982814551	CJ Contractorsprivate Private Limited	47 B 5 M H Colony, Baiganwadi Govandi, Mumbai, Maharashtra	India	multi_4_plus	India__multi_4_plus
S1-333427951	Gold Infra Pvt Ltd	Plot No. 169, Ground Floor, Extended Lal Dora, Near Dada Mandu Mandir, Village Karala, Delhi, North West Delhi, Delhi	India	multi_4_plus	India__multi_4_plus
S1-127444556	Chavez & Mcmenamy Stores, Inc	107 Maple Street, Brinkley, AR	US	multi_4_plus	US__multi_4_plus
S1-21732564	Christ Community Church	105 Hudson Avenue, Lakeside Park, KY	US	multi_2_3	US__multi_2_3
S1-931837043	Internal Medicine Patriot Physicians	23 Skookwams Court, Islip, NY	US	multi_4_plus	US__multi_4_plus
S1-864797403	Ecotech Commodities Private Limited	Flat No. 806, Pratima Paradise Maharanipeta, Beach Road, Visakhapatnam, Vishakhapatnam, Andhra Pradesh	India	multi_2_3	India__multi_2_3
S1-593387936	PP Procare Private Limited	F-36 & F-36(A), Industrial Area Madanganj, Kishangarh, Ajmer, Rajasthan	India	multi_4_plus	India__multi_4_plus
